order_id,customer_id,order_date,channel,payment_method,ship_carrier,order_status,delivered_date,ship_city,ship_state
O000001,C0077,2025-08-13,Mobile,UPI,Delhivery,Delivered,2025-08-20,Delhi,DL
O000002,C0206,2025-12-21,Mobile,UPI,EcomExpress,Delivered,2025-12-24,Jaipur,RJ
O000003,C0178,2025-11-08,Web,Wallet,DTDC,Delivered,2025-11-09,Ahmedabad,GJ
O000004,C0243,2025-12-03,Web,UPI,BlueDart,Delivered,2025-12-07,Kolkata,WB
O000005,C0047,2025-11-11,Mobile,Card,DTDC,Delivered,2025-11-13,Jaipur,RJ
O000006,C0055,2025-11-26,Mobile,NetBanking,EcomExpress,Delivered,2025-11-30,Hyderabad,TS
O000007,C0162,2024-08-16,Mobile,UPI,DTDC,Delivered,2024-08-21,Chennai,TN
O000008,C0224,2024-09-10,Mobile,Card,Delhivery,Delivered,2024-09-13,Chennai,TN
O000009,C0190,2025-07-28,Mobile,Card,EcomExpress,Delivered,2025-08-03,Pune,MH
O000010,C0002,2025-11-21,Mobile,UPI,XpressBees,Delivered,2025-11-23,Pune,MH
O000011,C0092,2025-11-23,Web,COD,Delhivery,Delivered,2025-11-26,Bengaluru,KA
O000012,C0061,2024-04-16,Web,UPI,BlueDart,Delivered,2024-04-19,Mumbai,MH
O000013,C0164,2025-11-19,Marketplace,UPI,EcomExpress,Delivered,2025-11-20,Mumbai,MH
O000014,C0066,2025-08-07,Mobile,UPI,EcomExpress,Delivered,2025-08-10,Pune,MH
O000015,C0041,2025-05-23,Web,UPI,XpressBees,Delivered,2025-05-24,Nagpur,MH
O000016,C0209,2025-09-20,Mobile,NetBanking,EcomExpress,Delivered,2025-09-25,Pune,MH
O000017,C0039,2025-08-13,Web,Wallet,Delhivery,Delivered,2025-08-14,Kolkata,WB
O000018,C0067,2025-11-25,Web,UPI,BlueDart,Delivered,2025-12-02,Pune,MH
O000019,C0055,2025-12-26,Marketplace,COD,DTDC,Delivered,2025-12-29,Hyderabad,TS
O000020,C0017,2025-10-28,Mobile,UPI,EcomExpress,Cancelled,,Bengaluru,KA
O000021,C0053,2025-03-07,Mobile,Card,EcomExpress,Delivered,2025-03-11,Jaipur,RJ
O000022,C0211,2025-05-11,Web,UPI,DTDC,Delivered,2025-05-13,Mumbai,MH
O000023,C0227,2024-11-03,Mobile,NetBanking,Delhivery,Delivered,2024-11-10,Hyderabad,TS
O000024,C0039,2025-10-16,Web,UPI,DTDC,Returned,2025-10-19,Kolkata,WB
O000025,C0187,2024-03-28,Web,COD,Delhivery,Delivered,2024-03-29,Hyderabad,TS
O000026,C0090,2024-12-12,Mobile,Wallet,BlueDart,Delivered,2024-12-15,Hyderabad,TS
O000027,C0105,2025-10-21,Mobile,UPI,Delhivery,Delivered,2025-10-22,Bengaluru,KA
O000028,C0195,2025-04-01,Mobile,COD,Delhivery,Delivered,2025-04-06,Jaipur,RJ
O000029,C0233,2025-04-02,Web,Card,DTDC,Delivered,2025-04-05,Mumbai,MH
O000030,C0101,2025-08-15,Web,Card,EcomExpress,Returned,2025-08-22,Kolkata,WB
O000031,C0135,2024-11-20,Mobile,COD,BlueDart,Delivered,2024-11-22,Delhi,DL
O000032,C0180,2024-09-17,Web,UPI,XpressBees,Delivered,2024-09-21,Pune,MH
O000033,C0178,2025-08-14,Web,Card,BlueDart,Delivered,2025-08-16,Ahmedabad,GJ
O000034,C0134,2025-12-30,Web,UPI,EcomExpress,Delivered,2026-01-02,Kolkata,WB
O000035,C0015,2025-08-16,Web,NetBanking,EcomExpress,Delivered,2025-08-19,Ahmedabad,GJ
O000036,C0033,2025-03-24,Marketplace,UPI,EcomExpress,Delivered,2025-03-30,Kolkata,WB
O000037,C0237,2025-07-26,Marketplace,COD,XpressBees,Delivered,2025-08-01,Bengaluru,KA
O000038,C0128,2025-12-09,Mobile,UPI,XpressBees,Delivered,2025-12-13,Kolkata,WB
O000039,C0237,2025-09-16,Mobile,NetBanking,DTDC,Delivered,2025-09-18,Bengaluru,KA
O000040,C0128,2025-02-28,Mobile,UPI,DTDC,Cancelled,,Kolkata,WB
O000041,C0216,2025-08-26,Web,UPI,Delhivery,Delivered,2025-08-28,Jaipur,RJ
O000042,C0081,2025-11-28,Web,COD,XpressBees,Delivered,2025-12-02,Mumbai,MH
O000043,C0206,2025-11-30,Mobile,UPI,BlueDart,Delivered,2025-12-02,Jaipur,RJ
O000044,C0244,2025-12-20,Mobile,UPI,BlueDart,Delivered,2025-12-23,Jaipur,RJ
O000045,C0053,2025-12-15,Web,UPI,Delhivery,Cancelled,,Jaipur,RJ
O000046,C0004,2025-09-29,Mobile,UPI,BlueDart,Delivered,2025-10-05,Nagpur,MH
O000047,C0025,2024-09-16,Mobile,Wallet,DTDC,Delivered,2024-09-23,Nagpur,MH
O000048,C0076,2025-08-12,Mobile,NetBanking,XpressBees,Delivered,2025-08-15,Pune,MH
O000049,C0165,2025-07-30,Web,Card,Delhivery,Delivered,2025-08-01,Chennai,TN
O000050,C0032,2025-11-04,Marketplace,Wallet,XpressBees,Delivered,2025-11-07,Jaipur,RJ
O000051,C0070,2024-09-04,Mobile,UPI,XpressBees,Delivered,2024-09-05,Pune,MH
O000052,C0191,2025-06-28,Web,NetBanking,EcomExpress,Delivered,2025-07-04,Kolkata,WB
O000053,C0020,2025-06-21,Mobile,NetBanking,EcomExpress,Delivered,2025-06-22,Bengaluru,KA
O000054,C0030,2024-07-02,Mobile,Card,Delhivery,Delivered,2024-07-04,Jaipur,RJ
O000055,C0073,2025-12-03,Mobile,Wallet,BlueDart,Delivered,2025-12-08,Hyderabad,TS
O000056,C0008,2025-08-07,Web,Card,EcomExpress,Delivered,2025-08-08,Delhi,DL
O000057,C0063,2025-11-10,Mobile,Card,Delhivery,Delivered,2025-11-11,Jaipur,RJ
O000058,C0202,2025-09-11,Web,NetBanking,BlueDart,Delivered,2025-09-17,Chennai,TN
O000059,C0176,2025-02-25,Mobile,UPI,Delhivery,Delivered,2025-03-01,Bengaluru,KA
O000060,C0233,2025-04-12,Mobile,Card,BlueDart,Delivered,2025-04-13,Mumbai,MH
O000061,C0035,2025-05-20,Mobile,Wallet,Delhivery,Delivered,2025-05-27,Delhi,DL
O000062,C0144,2025-02-07,Mobile,Card,Delhivery,Delivered,2025-02-14,Delhi,DL
O000063,C0203,2025-05-29,Web,Card,Delhivery,Delivered,2025-06-05,Jaipur,RJ
O000064,C0086,2025-10-25,Marketplace,UPI,DTDC,Delivered,2025-10-30,Bengaluru,KA
O000065,C0100,2025-12-15,Web,UPI,BlueDart,Delivered,2025-12-22,Ahmedabad,GJ
O000066,C0117,2025-11-13,Mobile,UPI,EcomExpress,Delivered,2025-11-18,Hyderabad,TS
O000067,C0233,2025-11-18,Mobile,Card,Delhivery,Cancelled,,Mumbai,MH
O000068,C0193,2025-10-04,Mobile,NetBanking,DTDC,Cancelled,,Kolkata,WB
O000069,C0161,2024-09-15,Web,Card,DTDC,Delivered,2024-09-19,Hyderabad,TS
O000070,C0127,2025-11-22,Web,COD,EcomExpress,Delivered,2025-11-27,Hyderabad,TS
O000071,C0151,2025-04-26,Marketplace,NetBanking,EcomExpress,Delivered,2025-04-28,Ahmedabad,GJ
O000072,C0093,2025-02-19,Web,NetBanking,DTDC,Delivered,2025-02-21,Bengaluru,KA
O000073,C0101,2025-05-23,Mobile,UPI,EcomExpress,Delivered,2025-05-24,Kolkata,WB
O000074,C0227,2024-06-13,Mobile,UPI,XpressBees,Delivered,2024-06-17,Hyderabad,TS
O000075,C0248,2025-05-04,Mobile,UPI,EcomExpress,Delivered,2025-05-08,Mumbai,MH
O000076,C0035,2025-04-27,Web,UPI,DTDC,Returned,2025-04-28,Delhi,DL
O000077,C0225,2025-07-14,Web,NetBanking,DTDC,Delivered,2025-07-17,Jaipur,RJ
O000078,C0156,2024-12-11,Marketplace,UPI,EcomExpress,Delivered,2024-12-18,Ahmedabad,GJ
O000079,C0032,2025-05-18,Web,Card,BlueDart,Delivered,2025-05-23,Jaipur,RJ
O000080,C0011,2025-12-06,Mobile,UPI,BlueDart,Delivered,2025-12-09,Delhi,DL
O000081,C0008,2025-11-14,Mobile,UPI,Delhivery,Delivered,2025-11-17,Delhi,DL
O000082,C0132,2025-11-30,Web,Card,Delhivery,Delivered,2025-12-05,Ahmedabad,GJ
O000083,C0029,2025-07-31,Web,NetBanking,Delhivery,Delivered,2025-08-05,Ahmedabad,GJ
O000084,C0198,2025-11-15,Web,NetBanking,EcomExpress,Delivered,2025-11-16,Nagpur,MH
O000085,C0177,2025-12-11,Web,UPI,DTDC,Delivered,2025-12-14,Jaipur,RJ
O000086,C0125,2024-12-31,Marketplace,NetBanking,DTDC,Delivered,2025-01-02,Chennai,TN
O000087,C0054,2025-05-01,Web,UPI,BlueDart,Delivered,2025-05-08,Kolkata,WB
O000088,C0053,2025-12-21,Mobile,COD,EcomExpress,Delivered,2025-12-26,Jaipur,RJ
O000089,C0242,2025-02-10,Web,Card,DTDC,Delivered,2025-02-15,Chennai,TN
O000090,C0167,2025-06-20,Mobile,Card,DTDC,Delivered,2025-06-21,Kolkata,WB
O000091,C0206,2025-11-03,Web,UPI,BlueDart,Delivered,2025-11-05,Jaipur,RJ
O000092,C0068,2024-09-05,Web,UPI,Delhivery,Delivered,2024-09-11,Bengaluru,KA
O000093,C0158,2025-10-05,Web,Card,DTDC,Delivered,2025-10-06,Mumbai,MH
O000094,C0129,2025-12-03,Mobile,Card,XpressBees,Delivered,2025-12-07,Delhi,DL
O000095,C0048,2025-11-26,Mobile,Card,Delhivery,Delivered,2025-12-02,Bengaluru,KA
O000096,C0174,2025-10-09,Web,UPI,Delhivery,Returned,2025-10-12,Hyderabad,TS
O000097,C0030,2025-12-27,Mobile,Card,XpressBees,Delivered,2025-12-31,Jaipur,RJ
O000098,C0206,2025-12-29,Web,Card,EcomExpress,Delivered,2026-01-04,Jaipur,RJ
O000099,C0025,2024-08-07,Web,Wallet,DTDC,Delivered,2024-08-14,Nagpur,MH
O000100,C0001,2025-11-27,Mobile,NetBanking,XpressBees,Delivered,2025-11-28,Kolkata,WB
O000101,C0167,2025-11-20,Web,COD,XpressBees,Delivered,2025-11-26,Kolkata,WB
O000102,C0194,2024-04-06,Mobile,UPI,Delhivery,Delivered,2024-04-08,Delhi,DL
O000103,C0168,2025-03-26,Mobile,Card,EcomExpress,Returned,2025-04-01,Mumbai,MH
O000104,C0020,2024-10-26,Mobile,NetBanking,XpressBees,Delivered,2024-10-29,Bengaluru,KA
O000105,C0088,2025-08-20,Mobile,UPI,BlueDart,Delivered,2025-08-22,Mumbai,MH
O000106,C0170,2025-05-28,Web,UPI,Delhivery,Delivered,2025-05-29,Nagpur,MH
O000107,C0094,2025-07-28,Mobile,UPI,EcomExpress,Delivered,2025-07-30,Ahmedabad,GJ
O000108,C0165,2025-10-30,Web,UPI,Delhivery,Delivered,2025-11-06,Chennai,TN
O000109,C0024,2025-09-01,Web,Card,BlueDart,Delivered,2025-09-05,Pune,MH
O000110,C0191,2025-01-28,Mobile,COD,DTDC,Delivered,2025-02-01,Kolkata,WB
O000111,C0162,2025-02-08,Web,UPI,EcomExpress,Returned,2025-02-14,Chennai,TN
O000112,C0167,2025-08-23,Web,COD,EcomExpress,Delivered,2025-08-30,Kolkata,WB
O000113,C0116,2025-04-24,Mobile,UPI,BlueDart,Delivered,2025-04-27,Nagpur,MH
O000114,C0096,2025-08-24,Mobile,NetBanking,BlueDart,Delivered,2025-08-26,Ahmedabad,GJ
O000115,C0009,2025-04-02,Web,UPI,Delhivery,Delivered,2025-04-09,Bengaluru,KA
O000116,C0156,2025-04-13,Mobile,Card,DTDC,Delivered,2025-04-15,Ahmedabad,GJ
O000117,C0228,2025-08-09,Mobile,COD,EcomExpress,Delivered,2025-08-15,Hyderabad,TS
O000118,C0019,2025-09-30,Web,UPI,XpressBees,Delivered,2025-10-04,Kolkata,WB
O000119,C0112,2025-01-13,Mobile,UPI,DTDC,Delivered,2025-01-19,Ahmedabad,GJ
O000120,C0160,2025-11-28,Mobile,Card,Delhivery,Delivered,2025-12-01,Delhi,DL
O000121,C0246,2025-11-19,Mobile,UPI,BlueDart,Delivered,2025-11-21,Nagpur,MH
O000122,C0226,2025-08-22,Web,Card,DTDC,Delivered,2025-08-28,Kolkata,WB
O000123,C0148,2025-09-27,Web,NetBanking,DTDC,Delivered,2025-10-04,Nagpur,MH
O000124,C0095,2025-10-01,Mobile,UPI,Delhivery,Delivered,2025-10-08,Mumbai,MH
O000125,C0068,2025-03-24,Web,UPI,Delhivery,Delivered,2025-03-26,Bengaluru,KA
O000126,C0024,2024-09-16,Mobile,Card,EcomExpress,Delivered,2024-09-23,Pune,MH
O000127,C0059,2024-12-03,Mobile,COD,Delhivery,Returned,2024-12-05,Delhi,DL
O000128,C0160,2025-01-30,Mobile,Card,DTDC,Delivered,2025-02-01,Delhi,DL
O000129,C0055,2025-12-26,Mobile,Card,BlueDart,Delivered,2025-12-28,Hyderabad,TS
O000130,C0102,2025-03-21,Mobile,UPI,XpressBees,Delivered,2025-03-24,Kolkata,WB
O000131,C0045,2025-01-20,Mobile,UPI,Delhivery,Delivered,2025-01-26,Kolkata,WB
O000132,C0116,2025-06-14,Mobile,Wallet,DTDC,Delivered,2025-06-17,Nagpur,MH
O000133,C0077,2025-12-29,Web,NetBanking,EcomExpress,Delivered,2025-12-30,Delhi,DL
O000134,C0136,2025-05-20,Mobile,UPI,XpressBees,Delivered,2025-05-24,Jaipur,RJ
O000135,C0032,2025-04-06,Mobile,Card,Delhivery,Delivered,2025-04-12,Jaipur,RJ
O000136,C0028,2025-12-18,Mobile,UPI,BlueDart,Cancelled,,Ahmedabad,GJ
O000137,C0221,2025-05-26,Mobile,UPI,EcomExpress,Delivered,2025-05-27,Mumbai,MH
O000138,C0101,2025-05-31,Web,Wallet,Delhivery,Delivered,2025-06-04,Kolkata,WB
O000139,C0035,2025-05-10,Mobile,UPI,Delhivery,Delivered,2025-05-17,Delhi,DL
O000140,C0204,2025-12-30,Marketplace,Wallet,DTDC,Delivered,2026-01-06,Hyderabad,TS
O000141,C0227,2024-04-29,Marketplace,UPI,EcomExpress,Returned,2024-04-30,Hyderabad,TS
O000142,C0082,2025-07-28,Mobile,UPI,EcomExpress,Delivered,2025-07-29,Nagpur,MH
O000143,C0119,2025-11-10,Mobile,UPI,BlueDart,Delivered,2025-11-11,Pune,MH
O000144,C0057,2025-08-17,Mobile,Wallet,DTDC,Delivered,2025-08-23,Mumbai,MH
O000145,C0078,2024-12-03,Mobile,Wallet,DTDC,Delivered,2024-12-08,Bengaluru,KA
O000146,C0213,2025-10-23,Marketplace,UPI,Delhivery,Delivered,2025-10-28,Hyderabad,TS
O000147,C0237,2025-05-17,Web,UPI,XpressBees,Delivered,2025-05-23,Bengaluru,KA
O000148,C0206,2025-11-04,Web,Card,EcomExpress,Delivered,2025-11-06,Jaipur,RJ
O000149,C0133,2024-11-24,Web,UPI,BlueDart,Delivered,2024-11-30,Nagpur,MH
O000150,C0070,2025-03-25,Marketplace,UPI,Delhivery,Delivered,2025-03-26,Pune,MH
O000151,C0037,2025-11-29,Mobile,Card,XpressBees,Delivered,2025-12-06,Delhi,DL
O000152,C0078,2024-11-14,Web,UPI,Delhivery,Delivered,2024-11-19,Bengaluru,KA
O000153,C0121,2025-09-09,Web,Card,BlueDart,Delivered,2025-09-11,Ahmedabad,GJ
O000154,C0104,2024-11-28,Web,UPI,EcomExpress,Delivered,2024-12-05,Kolkata,WB
O000155,C0041,2025-09-18,Mobile,NetBanking,Delhivery,Delivered,2025-09-20,Nagpur,MH
O000156,C0167,2025-05-22,Web,UPI,Delhivery,Delivered,2025-05-29,Kolkata,WB
O000157,C0100,2025-12-14,Web,COD,Delhivery,Delivered,2025-12-20,Ahmedabad,GJ
O000158,C0057,2025-03-12,Web,UPI,Delhivery,Delivered,2025-03-17,Mumbai,MH
O000159,C0042,2024-05-21,Web,UPI,BlueDart,Delivered,2024-05-23,Pune,MH
O000160,C0173,2025-11-07,Web,Wallet,DTDC,Delivered,2025-11-11,Nagpur,MH
O000161,C0115,2024-09-06,Mobile,Card,XpressBees,Cancelled,,Jaipur,RJ
O000162,C0131,2025-12-19,Web,UPI,XpressBees,Delivered,2025-12-23,Hyderabad,TS
O000163,C0217,2025-08-10,Web,Card,XpressBees,Delivered,2025-08-16,Chennai,TN
O000164,C0149,2025-12-07,Web,NetBanking,EcomExpress,Delivered,2025-12-10,Mumbai,MH
O000165,C0126,2025-12-29,Mobile,UPI,DTDC,Delivered,2026-01-03,Jaipur,RJ
O000166,C0114,2025-10-10,Web,UPI,EcomExpress,Returned,2025-10-14,Chennai,TN
O000167,C0117,2025-12-23,Mobile,UPI,DTDC,Delivered,2025-12-24,Hyderabad,TS
O000168,C0220,2024-11-18,Web,Card,DTDC,Delivered,2024-11-19,Pune,MH
O000169,C0056,2025-09-13,Mobile,COD,Delhivery,Delivered,2025-09-16,Delhi,DL
O000170,C0065,2024-12-16,Marketplace,UPI,XpressBees,Delivered,2024-12-23,Chennai,TN
O000171,C0055,2025-11-22,Web,Card,EcomExpress,Delivered,2025-11-28,Hyderabad,TS
O000172,C0228,2025-01-15,Marketplace,COD,DTDC,Delivered,2025-01-18,Hyderabad,TS
O000173,C0248,2025-08-21,Web,Card,EcomExpress,Delivered,2025-08-24,Mumbai,MH
O000174,C0124,2025-12-15,Marketplace,UPI,BlueDart,Delivered,2025-12-20,Chennai,TN
O000175,C0108,2025-10-22,Web,UPI,XpressBees,Delivered,2025-10-23,Bengaluru,KA
O000176,C0069,2025-04-26,Marketplace,UPI,EcomExpress,Delivered,2025-05-01,Chennai,TN
O000177,C0004,2025-10-11,Web,UPI,BlueDart,Delivered,2025-10-12,Nagpur,MH
O000178,C0018,2025-12-17,Mobile,Wallet,Delhivery,Delivered,2025-12-20,Ahmedabad,GJ
O000179,C0236,2025-09-20,Web,UPI,BlueDart,Delivered,2025-09-21,Delhi,DL
O000180,C0237,2025-04-21,Web,COD,BlueDart,Delivered,2025-04-28,Bengaluru,KA
O000181,C0051,2024-05-15,Web,NetBanking,Delhivery,Delivered,2024-05-16,Pune,MH
O000182,C0181,2025-11-19,Marketplace,Card,DTDC,Delivered,2025-11-26,Nagpur,MH
O000183,C0013,2024-06-23,Mobile,NetBanking,BlueDart,Delivered,2024-06-25,Ahmedabad,GJ
O000184,C0001,2025-11-25,Mobile,UPI,DTDC,Returned,2025-12-01,Kolkata,WB
O000185,C0018,2025-05-05,Web,UPI,BlueDart,Delivered,2025-05-11,Ahmedabad,GJ
O000186,C0065,2024-10-10,Web,Wallet,XpressBees,Delivered,2024-10-13,Chennai,TN
O000187,C0033,2024-10-31,Web,UPI,Delhivery,Delivered,2024-11-05,Kolkata,WB
O000188,C0029,2025-05-09,Web,UPI,EcomExpress,Delivered,2025-05-15,Ahmedabad,GJ
O000189,C0222,2025-11-07,Mobile,UPI,EcomExpress,Delivered,2025-11-08,Mumbai,MH
O000190,C0249,2025-10-20,Mobile,COD,XpressBees,Delivered,2025-10-25,Kolkata,WB
O000191,C0159,2025-01-27,Mobile,UPI,Delhivery,Delivered,2025-02-02,Pune,MH
O000192,C0210,2025-03-17,Mobile,NetBanking,BlueDart,Delivered,2025-03-24,Ahmedabad,GJ
O000193,C0168,2025-06-29,Mobile,Card,EcomExpress,Delivered,2025-07-02,Mumbai,MH
O000194,C0028,2025-11-10,Mobile,NetBanking,DTDC,Delivered,2025-11-12,Ahmedabad,GJ
O000195,C0081,2025-09-30,Marketplace,UPI,BlueDart,Delivered,2025-10-01,Mumbai,MH
O000196,C0039,2025-10-27,Mobile,UPI,EcomExpress,Delivered,2025-10-31,Kolkata,WB
O000197,C0053,2024-10-02,Mobile,Card,BlueDart,Delivered,2024-10-04,Jaipur,RJ
O000198,C0133,2024-08-29,Mobile,UPI,BlueDart,Delivered,2024-09-02,Nagpur,MH
O000199,C0097,2024-09-10,Mobile,Card,EcomExpress,Delivered,2024-09-17,Hyderabad,TS
O000200,C0041,2025-11-20,Marketplace,Wallet,DTDC,Delivered,2025-11-21,Nagpur,MH
O000201,C0111,2025-05-11,Mobile,UPI,EcomExpress,Delivered,2025-05-17,Bengaluru,KA
O000202,C0057,2025-08-28,Web,UPI,XpressBees,Delivered,2025-08-31,Mumbai,MH
O000203,C0036,2025-08-01,Mobile,UPI,BlueDart,Delivered,2025-08-04,Hyderabad,TS
O000204,C0093,2025-03-03,Web,UPI,DTDC,Delivered,2025-03-06,Bengaluru,KA
O000205,C0175,2025-03-29,Mobile,Card,DTDC,Delivered,2025-04-03,Hyderabad,TS
O000206,C0180,2025-09-22,Mobile,Card,EcomExpress,Delivered,2025-09-27,Pune,MH
O000207,C0078,2025-11-26,Web,Wallet,XpressBees,Delivered,2025-12-02,Bengaluru,KA
O000208,C0152,2025-10-14,Marketplace,NetBanking,EcomExpress,Delivered,2025-10-15,Mumbai,MH
O000209,C0113,2024-06-30,Mobile,Card,XpressBees,Delivered,2024-07-02,Hyderabad,TS
O000210,C0017,2025-12-19,Web,Card,Delhivery,Cancelled,,Bengaluru,KA
O000211,C0142,2024-03-10,Mobile,NetBanking,BlueDart,Delivered,2024-03-16,Ahmedabad,GJ
O000212,C0102,2024-06-17,Web,UPI,EcomExpress,Delivered,2024-06-20,Kolkata,WB
O000213,C0121,2025-08-28,Web,Wallet,BlueDart,Delivered,2025-09-04,Ahmedabad,GJ
O000214,C0124,2025-01-07,Web,Card,BlueDart,Delivered,2025-01-14,Chennai,TN
O000215,C0204,2024-11-06,Mobile,Card,BlueDart,Delivered,2024-11-08,Hyderabad,TS
O000216,C0049,2025-12-05,Web,UPI,BlueDart,Delivered,2025-12-11,Delhi,DL
O000217,C0239,2025-10-19,Web,COD,XpressBees,Delivered,2025-10-23,Chennai,TN
O000218,C0166,2025-01-08,Web,Card,Delhivery,Delivered,2025-01-10,Kolkata,WB
O000219,C0022,2025-01-24,Web,UPI,DTDC,Delivered,2025-01-25,Delhi,DL
O000220,C0085,2025-12-06,Mobile,Card,Delhivery,Delivered,2025-12-08,Nagpur,MH
O000221,C0174,2025-11-21,Mobile,Card,DTDC,Delivered,2025-11-28,Hyderabad,TS
O000222,C0021,2025-09-30,Web,COD,Delhivery,Cancelled,,Chennai,TN
O000223,C0169,2025-07-18,Mobile,UPI,DTDC,Delivered,2025-07-23,Pune,MH
O000224,C0007,2025-11-02,Mobile,Card,XpressBees,Delivered,2025-11-03,Mumbai,MH
O000225,C0248,2025-10-18,Web,UPI,BlueDart,Delivered,2025-10-20,Mumbai,MH
O000226,C0167,2025-10-05,Web,Wallet,BlueDart,Delivered,2025-10-12,Kolkata,WB
O000227,C0234,2025-12-09,Web,NetBanking,Delhivery,Delivered,2025-12-10,Kolkata,WB
O000228,C0164,2025-11-04,Mobile,Card,XpressBees,Delivered,2025-11-06,Mumbai,MH
O000229,C0140,2025-09-07,Web,UPI,Delhivery,Delivered,2025-09-08,Ahmedabad,GJ
O000230,C0025,2025-08-04,Mobile,UPI,Delhivery,Delivered,2025-08-11,Nagpur,MH
O000231,C0208,2025-12-22,Mobile,UPI,BlueDart,Delivered,2025-12-28,Mumbai,MH
O000232,C0101,2025-11-04,Web,UPI,XpressBees,Delivered,2025-11-10,Kolkata,WB
O000233,C0143,2025-08-08,Web,UPI,Delhivery,Delivered,2025-08-10,Nagpur,MH
O000234,C0217,2025-02-02,Web,UPI,XpressBees,Delivered,2025-02-06,Chennai,TN
O000235,C0078,2024-03-26,Web,UPI,Delhivery,Delivered,2024-03-28,Bengaluru,KA
O000236,C0119,2025-05-18,Mobile,Card,BlueDart,Delivered,2025-05-20,Pune,MH
O000237,C0227,2024-08-08,Mobile,Card,XpressBees,Delivered,2024-08-14,Hyderabad,TS
O000238,C0154,2025-09-28,Marketplace,COD,XpressBees,Delivered,2025-09-29,Nagpur,MH
O000239,C0236,2025-07-16,Mobile,UPI,Delhivery,Delivered,2025-07-22,Delhi,DL
O000240,C0187,2025-06-07,Mobile,UPI,BlueDart,Delivered,2025-06-08,Hyderabad,TS
O000241,C0191,2025-08-16,Mobile,UPI,BlueDart,Delivered,2025-08-23,Kolkata,WB
O000242,C0079,2025-07-30,Mobile,UPI,XpressBees,Cancelled,,Hyderabad,TS
O000243,C0149,2025-12-06,Web,UPI,EcomExpress,Delivered,2025-12-07,Mumbai,MH
O000244,C0223,2025-11-24,Marketplace,NetBanking,Delhivery,Delivered,2025-11-28,Hyderabad,TS
O000245,C0238,2025-11-08,Marketplace,Card,Delhivery,Delivered,2025-11-13,Delhi,DL
O000246,C0205,2025-01-12,Web,UPI,BlueDart,Delivered,2025-01-18,Bengaluru,KA
O000247,C0240,2025-09-20,Web,UPI,DTDC,Cancelled,,Nagpur,MH
O000248,C0040,2025-06-26,Web,UPI,Delhivery,Delivered,2025-06-27,Pune,MH
O000249,C0223,2025-12-24,Web,COD,BlueDart,Delivered,2025-12-30,Hyderabad,TS
O000250,C0228,2025-01-07,Web,Card,Delhivery,Delivered,2025-01-10,Hyderabad,TS
O000251,C0236,2025-12-08,Mobile,COD,BlueDart,Delivered,2025-12-09,Delhi,DL
O000252,C0022,2024-09-13,Web,Card,DTDC,Delivered,2024-09-14,Delhi,DL
O000253,C0151,2025-09-15,Mobile,NetBanking,XpressBees,Delivered,2025-09-22,Ahmedabad,GJ
O000254,C0055,2025-12-13,Web,UPI,DTDC,Delivered,2025-12-18,Hyderabad,TS
O000255,C0221,2025-09-03,Web,UPI,Delhivery,Delivered,2025-09-09,Mumbai,MH
O000256,C0214,2025-05-29,Web,UPI,Delhivery,Delivered,2025-06-04,Hyderabad,TS
O000257,C0074,2025-12-16,Mobile,Wallet,BlueDart,Delivered,2025-12-19,Mumbai,MH
O000258,C0023,2025-12-28,Marketplace,UPI,DTDC,Delivered,2025-12-31,Jaipur,RJ
O000259,C0170,2025-07-12,Mobile,Card,BlueDart,Delivered,2025-07-17,Nagpur,MH
O000260,C0201,2024-08-20,Mobile,UPI,EcomExpress,Delivered,2024-08-25,Hyderabad,TS
O000261,C0142,2025-01-31,Mobile,UPI,Delhivery,Returned,2025-02-03,Ahmedabad,GJ
O000262,C0096,2025-06-18,Marketplace,UPI,DTDC,Delivered,2025-06-25,Ahmedabad,GJ
O000263,C0164,2025-12-20,Web,UPI,BlueDart,Delivered,2025-12-23,Mumbai,MH
O000264,C0201,2025-06-16,Web,UPI,BlueDart,Delivered,2025-06-22,Hyderabad,TS
O000265,C0151,2025-07-28,Mobile,Card,DTDC,Delivered,2025-08-04,Ahmedabad,GJ
O000266,C0206,2025-12-19,Mobile,COD,EcomExpress,Delivered,2025-12-24,Jaipur,RJ
O000267,C0025,2024-12-22,Web,NetBanking,XpressBees,Delivered,2024-12-26,Nagpur,MH
O000268,C0241,2025-04-03,Mobile,Card,XpressBees,Delivered,2025-04-09,Mumbai,MH
O000269,C0200,2025-02-16,Mobile,UPI,EcomExpress,Cancelled,,Bengaluru,KA
O000270,C0088,2025-06-29,Mobile,UPI,Delhivery,Delivered,2025-07-03,Mumbai,MH
O000271,C0063,2025-08-16,Mobile,UPI,BlueDart,Delivered,2025-08-17,Jaipur,RJ
O000272,C0096,2024-05-17,Web,Card,DTDC,Delivered,2024-05-21,Ahmedabad,GJ
O000273,C0125,2025-02-03,Mobile,COD,Delhivery,Delivered,2025-02-05,Chennai,TN
O000274,C0006,2025-08-31,Mobile,UPI,XpressBees,Delivered,2025-09-01,Bengaluru,KA
O000275,C0106,2025-05-06,Mobile,UPI,DTDC,Delivered,2025-05-10,Delhi,DL
O000276,C0049,2025-12-03,Marketplace,UPI,Delhivery,Delivered,2025-12-04,Delhi,DL
O000277,C0190,2025-02-21,Web,UPI,XpressBees,Delivered,2025-02-25,Pune,MH
O000278,C0127,2025-12-08,Mobile,UPI,XpressBees,Delivered,2025-12-10,Hyderabad,TS
O000279,C0085,2025-12-14,Web,UPI,DTDC,Delivered,2025-12-15,Nagpur,MH
O000280,C0199,2025-10-17,Web,UPI,BlueDart,Delivered,2025-10-18,Mumbai,MH
O000281,C0236,2025-12-10,Mobile,Card,XpressBees,Cancelled,,Delhi,DL
O000282,C0110,2025-03-17,Web,Wallet,Delhivery,Delivered,2025-03-20,Hyderabad,TS
O000283,C0152,2024-12-27,Web,UPI,Delhivery,Delivered,2024-12-28,Mumbai,MH
O000284,C0115,2025-04-20,Mobile,COD,DTDC,Delivered,2025-04-21,Jaipur,RJ
O000285,C0235,2025-09-18,Marketplace,UPI,BlueDart,Returned,2025-09-25,Jaipur,RJ
O000286,C0151,2025-02-15,Web,UPI,EcomExpress,Returned,2025-02-20,Ahmedabad,GJ
O000287,C0029,2025-02-25,Web,Card,XpressBees,Delivered,2025-02-26,Ahmedabad,GJ
O000288,C0115,2025-01-09,Web,NetBanking,BlueDart,Delivered,2025-01-11,Jaipur,RJ
O000289,C0109,2025-07-06,Web,COD,EcomExpress,Delivered,2025-07-10,Ahmedabad,GJ
O000290,C0036,2025-06-23,Mobile,Wallet,XpressBees,Delivered,2025-06-29,Hyderabad,TS
O000291,C0174,2025-12-25,Mobile,Card,XpressBees,Delivered,2025-12-26,Hyderabad,TS
O000292,C0066,2025-02-11,Web,NetBanking,XpressBees,Delivered,2025-02-12,Pune,MH
O000293,C0157,2024-05-19,Web,NetBanking,Delhivery,Delivered,2024-05-22,Mumbai,MH
O000294,C0035,2025-10-18,Marketplace,UPI,XpressBees,Delivered,2025-10-19,Delhi,DL
O000295,C0078,2024-10-29,Mobile,COD,Delhivery,Delivered,2024-10-31,Bengaluru,KA
O000296,C0035,2025-10-17,Web,UPI,EcomExpress,Delivered,2025-10-18,Delhi,DL
O000297,C0005,2025-07-25,Web,UPI,DTDC,Delivered,2025-07-28,Bengaluru,KA
O000298,C0118,2025-04-02,Web,UPI,XpressBees,Delivered,2025-04-05,Pune,MH
O000299,C0176,2025-11-24,Web,Card,XpressBees,Delivered,2025-11-27,Bengaluru,KA
O000300,C0169,2025-11-05,Web,COD,XpressBees,Delivered,2025-11-10,Pune,MH
O000301,C0027,2025-12-04,Web,Card,XpressBees,Delivered,2025-12-10,Chennai,TN
O000302,C0003,2025-09-16,Mobile,Wallet,DTDC,Delivered,2025-09-23,Mumbai,MH
O000303,C0002,2025-12-20,Web,UPI,XpressBees,Delivered,2025-12-24,Pune,MH
O000304,C0176,2025-07-25,Mobile,Card,XpressBees,Delivered,2025-07-31,Bengaluru,KA
O000305,C0142,2025-09-19,Web,UPI,DTDC,Delivered,2025-09-20,Ahmedabad,GJ
O000306,C0149,2025-12-05,Mobile,Card,DTDC,Delivered,2025-12-11,Mumbai,MH
O000307,C0139,2025-10-20,Marketplace,Card,BlueDart,Delivered,2025-10-22,Chennai,TN
O000308,C0136,2025-08-08,Web,Card,XpressBees,Delivered,2025-08-14,Jaipur,RJ
O000309,C0011,2024-09-11,Mobile,Card,BlueDart,Delivered,2024-09-16,Delhi,DL
O000310,C0223,2025-01-25,Web,UPI,XpressBees,Delivered,2025-01-26,Hyderabad,TS
O000311,C0085,2025-12-21,Mobile,UPI,Delhivery,Delivered,2025-12-28,Nagpur,MH
O000312,C0057,2025-10-25,Web,UPI,DTDC,Delivered,2025-10-28,Mumbai,MH
O000313,C0225,2025-09-26,Web,COD,Delhivery,Delivered,2025-09-27,Jaipur,RJ
O000314,C0019,2025-10-01,Mobile,UPI,BlueDart,Delivered,2025-10-07,Kolkata,WB
O000315,C0105,2025-07-26,Mobile,COD,BlueDart,Returned,2025-07-27,Bengaluru,KA
O000316,C0033,2024-12-28,Web,Card,BlueDart,Delivered,2025-01-04,Kolkata,WB
O000317,C0005,2024-11-22,Web,UPI,XpressBees,Delivered,2024-11-26,Bengaluru,KA
O000318,C0026,2025-04-20,Mobile,UPI,DTDC,Delivered,2025-04-24,Nagpur,MH
O000319,C0048,2025-12-25,Web,Card,DTDC,Delivered,2025-12-29,Bengaluru,KA
O000320,C0219,2024-06-11,Web,Card,DTDC,Delivered,2024-06-15,Pune,MH
O000321,C0153,2025-03-21,Web,Card,DTDC,Delivered,2025-03-25,Chennai,TN
O000322,C0191,2025-10-07,Mobile,Wallet,DTDC,Cancelled,,Kolkata,WB
O000323,C0052,2025-11-13,Marketplace,Wallet,EcomExpress,Delivered,2025-11-20,Hyderabad,TS
O000324,C0235,2025-11-20,Mobile,NetBanking,BlueDart,Delivered,2025-11-22,Jaipur,RJ
O000325,C0232,2025-07-13,Mobile,UPI,DTDC,Delivered,2025-07-20,Jaipur,RJ
O000326,C0031,2025-12-06,Web,UPI,XpressBees,Delivered,2025-12-13,Chennai,TN
O000327,C0089,2025-04-25,Mobile,Card,DTDC,Delivered,2025-04-28,Ahmedabad,GJ
O000328,C0020,2024-09-04,Web,UPI,Delhivery,Delivered,2024-09-11,Bengaluru,KA
O000329,C0053,2024-10-10,Mobile,COD,XpressBees,Delivered,2024-10-15,Jaipur,RJ
O000330,C0124,2025-01-17,Marketplace,Card,XpressBees,Delivered,2025-01-24,Chennai,TN
O000331,C0139,2025-07-28,Web,COD,DTDC,Cancelled,,Chennai,TN
O000332,C0038,2025-05-08,Mobile,UPI,XpressBees,Delivered,2025-05-09,Hyderabad,TS
O000333,C0229,2025-06-21,Web,Card,XpressBees,Delivered,2025-06-22,Mumbai,MH
O000334,C0020,2024-09-29,Web,UPI,BlueDart,Delivered,2024-10-06,Bengaluru,KA
O000335,C0042,2024-06-02,Mobile,UPI,BlueDart,Delivered,2024-06-09,Pune,MH
O000336,C0101,2024-12-28,Mobile,Card,EcomExpress,Delivered,2024-12-29,Kolkata,WB
O000337,C0148,2025-10-21,Marketplace,NetBanking,Delhivery,Delivered,2025-10-23,Nagpur,MH
O000338,C0113,2024-11-24,Web,Card,Delhivery,Delivered,2024-11-28,Hyderabad,TS
O000339,C0115,2025-12-25,Web,UPI,DTDC,Delivered,2026-01-01,Jaipur,RJ
O000340,C0123,2025-09-18,Web,UPI,XpressBees,Delivered,2025-09-19,Kolkata,WB
O000341,C0103,2025-07-04,Web,Wallet,DTDC,Delivered,2025-07-09,Chennai,TN
O000342,C0086,2025-10-18,Mobile,UPI,XpressBees,Delivered,2025-10-24,Bengaluru,KA
O000343,C0057,2025-10-17,Web,Card,XpressBees,Delivered,2025-10-19,Mumbai,MH
O000344,C0121,2024-06-16,Mobile,Card,EcomExpress,Delivered,2024-06-20,Ahmedabad,GJ
O000345,C0058,2025-10-11,Web,UPI,DTDC,Delivered,2025-10-17,Kolkata,WB
O000346,C0065,2024-09-10,Marketplace,Card,XpressBees,Delivered,2024-09-15,Chennai,TN
O000347,C0066,2025-07-31,Web,NetBanking,Delhivery,Delivered,2025-08-05,Pune,MH
O000348,C0133,2025-06-20,Mobile,UPI,EcomExpress,Delivered,2025-06-24,Nagpur,MH
O000349,C0017,2025-09-29,Web,Wallet,BlueDart,Delivered,2025-09-30,Bengaluru,KA
O000350,C0026,2024-03-02,Mobile,UPI,XpressBees,Returned,2024-03-07,Nagpur,MH
O000351,C0249,2025-08-02,Mobile,UPI,DTDC,Delivered,2025-08-04,Kolkata,WB
O000352,C0222,2025-10-22,Web,UPI,BlueDart,Delivered,2025-10-27,Mumbai,MH
O000353,C0198,2025-12-01,Mobile,UPI,BlueDart,Delivered,2025-12-02,Nagpur,MH
O000354,C0188,2025-11-19,Web,UPI,DTDC,Delivered,2025-11-24,Nagpur,MH
O000355,C0119,2025-10-27,Web,Card,DTDC,Delivered,2025-11-01,Pune,MH
O000356,C0211,2025-08-05,Marketplace,UPI,Delhivery,Delivered,2025-08-10,Mumbai,MH
O000357,C0196,2025-05-27,Web,UPI,BlueDart,Delivered,2025-06-02,Delhi,DL
O000358,C0068,2025-05-26,Web,UPI,Delhivery,Delivered,2025-05-31,Bengaluru,KA
O000359,C0220,2024-04-09,Web,Card,DTDC,Delivered,2024-04-14,Pune,MH
O000360,C0023,2025-12-21,Web,Card,EcomExpress,Delivered,2025-12-28,Jaipur,RJ
O000361,C0010,2025-05-05,Mobile,COD,XpressBees,Delivered,2025-05-08,Ahmedabad,GJ
O000362,C0050,2024-10-11,Web,Wallet,DTDC,Delivered,2024-10-13,Hyderabad,TS
O000363,C0225,2025-12-28,Web,Card,BlueDart,Delivered,2025-12-30,Jaipur,RJ
O000364,C0021,2025-03-28,Mobile,UPI,XpressBees,Delivered,2025-03-30,Chennai,TN
O000365,C0042,2024-06-24,Web,UPI,DTDC,Returned,2024-06-27,Pune,MH
O000366,C0124,2025-09-30,Mobile,Card,BlueDart,Returned,2025-10-04,Chennai,TN
O000367,C0127,2025-06-26,Web,Card,Delhivery,Delivered,2025-06-30,Hyderabad,TS
O000368,C0168,2025-08-27,Web,COD,EcomExpress,Delivered,2025-08-28,Mumbai,MH
O000369,C0066,2024-12-18,Web,UPI,Delhivery,Delivered,2024-12-23,Pune,MH
O000370,C0137,2024-08-24,Mobile,UPI,BlueDart,Delivered,2024-08-25,Ahmedabad,GJ
O000371,C0075,2025-06-21,Mobile,UPI,DTDC,Delivered,2025-06-24,Kolkata,WB
O000372,C0080,2025-11-25,Mobile,COD,XpressBees,Delivered,2025-11-26,Kolkata,WB
O000373,C0034,2025-11-08,Mobile,UPI,BlueDart,Delivered,2025-11-14,Chennai,TN
O000374,C0084,2025-09-26,Mobile,NetBanking,EcomExpress,Delivered,2025-10-01,Jaipur,RJ
O000375,C0187,2024-05-26,Mobile,UPI,DTDC,Delivered,2024-05-27,Hyderabad,TS
O000376,C0012,2024-12-17,Web,COD,Delhivery,Delivered,2024-12-22,Nagpur,MH
O000377,C0183,2025-04-14,Web,COD,EcomExpress,Returned,2025-04-19,Pune,MH
O000378,C0011,2025-05-25,Mobile,UPI,EcomExpress,Delivered,2025-05-27,Delhi,DL
O000379,C0150,2025-10-05,Web,Card,DTDC,Delivered,2025-10-08,Mumbai,MH
O000380,C0157,2024-08-26,Mobile,NetBanking,BlueDart,Delivered,2024-08-28,Mumbai,MH
O000381,C0173,2025-12-15,Web,Card,XpressBees,Delivered,2025-12-16,Nagpur,MH
O000382,C0080,2025-11-26,Marketplace,Wallet,Delhivery,Delivered,2025-11-28,Kolkata,WB
O000383,C0245,2025-01-23,Marketplace,COD,BlueDart,Delivered,2025-01-24,Kolkata,WB
O000384,C0036,2025-08-25,Mobile,Card,DTDC,Delivered,2025-08-26,Hyderabad,TS
O000385,C0054,2024-10-10,Mobile,UPI,Delhivery,Delivered,2024-10-15,Kolkata,WB
O000386,C0056,2024-10-14,Web,UPI,XpressBees,Delivered,2024-10-15,Delhi,DL
O000387,C0142,2024-09-26,Mobile,UPI,BlueDart,Delivered,2024-10-01,Ahmedabad,GJ
O000388,C0057,2025-12-21,Web,Card,DTDC,Delivered,2025-12-22,Mumbai,MH
O000389,C0151,2025-10-13,Web,NetBanking,BlueDart,Delivered,2025-10-17,Ahmedabad,GJ
O000390,C0174,2025-11-28,Mobile,COD,DTDC,Delivered,2025-12-01,Hyderabad,TS
O000391,C0023,2025-02-23,Mobile,UPI,BlueDart,Delivered,2025-03-02,Jaipur,RJ
O000392,C0200,2025-10-24,Marketplace,NetBanking,XpressBees,Delivered,2025-10-27,Bengaluru,KA
O000393,C0093,2025-05-05,Mobile,Card,DTDC,Delivered,2025-05-08,Bengaluru,KA
O000394,C0198,2025-10-30,Web,UPI,XpressBees,Delivered,2025-11-01,Nagpur,MH
O000395,C0133,2024-10-23,Web,UPI,XpressBees,Delivered,2024-10-29,Nagpur,MH
O000396,C0206,2025-12-08,Web,Card,XpressBees,Delivered,2025-12-15,Jaipur,RJ
O000397,C0018,2025-12-28,Mobile,UPI,Delhivery,Delivered,2026-01-03,Ahmedabad,GJ
O000398,C0234,2025-12-02,Web,Wallet,BlueDart,Returned,2025-12-08,Kolkata,WB
O000399,C0002,2025-11-28,Web,UPI,Delhivery,Delivered,2025-11-30,Pune,MH
O000400,C0044,2025-02-14,Web,UPI,BlueDart,Delivered,2025-02-15,Hyderabad,TS
O000401,C0237,2025-11-12,Mobile,Wallet,EcomExpress,Delivered,2025-11-15,Bengaluru,KA
O000402,C0183,2024-05-05,Web,Card,DTDC,Delivered,2024-05-12,Pune,MH
O000403,C0125,2025-03-04,Web,Card,XpressBees,Delivered,2025-03-05,Chennai,TN
O000404,C0131,2025-12-02,Mobile,UPI,BlueDart,Delivered,2025-12-04,Hyderabad,TS
O000405,C0120,2025-05-29,Marketplace,COD,EcomExpress,Delivered,2025-06-04,Hyderabad,TS
O000406,C0171,2025-12-06,Web,UPI,DTDC,Delivered,2025-12-10,Jaipur,RJ
O000407,C0211,2025-02-23,Web,NetBanking,DTDC,Delivered,2025-02-26,Mumbai,MH
O000408,C0144,2025-09-02,Mobile,UPI,EcomExpress,Delivered,2025-09-03,Delhi,DL
O000409,C0177,2025-12-10,Web,COD,DTDC,Delivered,2025-12-12,Jaipur,RJ
O000410,C0004,2025-09-25,Web,UPI,BlueDart,Delivered,2025-10-01,Nagpur,MH
O000411,C0158,2025-10-17,Web,Wallet,EcomExpress,Delivered,2025-10-20,Mumbai,MH
O000412,C0173,2025-10-21,Web,COD,XpressBees,Delivered,2025-10-25,Nagpur,MH
O000413,C0139,2025-04-01,Marketplace,UPI,EcomExpress,Cancelled,,Chennai,TN
O000414,C0237,2025-06-04,Web,Card,XpressBees,Cancelled,,Bengaluru,KA
O000415,C0150,2024-06-18,Web,NetBanking,EcomExpress,Delivered,2024-06-20,Mumbai,MH
O000416,C0072,2025-05-28,Mobile,UPI,Delhivery,Delivered,2025-06-03,Jaipur,RJ
O000417,C0226,2025-06-16,Mobile,NetBanking,DTDC,Delivered,2025-06-19,Kolkata,WB
O000418,C0041,2025-11-13,Mobile,Wallet,DTDC,Delivered,2025-11-14,Nagpur,MH
O000419,C0229,2025-08-26,Marketplace,NetBanking,BlueDart,Delivered,2025-08-28,Mumbai,MH
O000420,C0235,2025-09-22,Mobile,Card,DTDC,Delivered,2025-09-25,Jaipur,RJ
O000421,C0194,2025-01-18,Mobile,UPI,DTDC,Delivered,2025-01-24,Delhi,DL
O000422,C0073,2025-12-06,Mobile,NetBanking,XpressBees,Delivered,2025-12-07,Hyderabad,TS
O000423,C0019,2025-01-22,Mobile,NetBanking,BlueDart,Delivered,2025-01-24,Kolkata,WB
O000424,C0074,2025-10-21,Marketplace,UPI,BlueDart,Returned,2025-10-26,Mumbai,MH
O000425,C0026,2025-08-12,Mobile,Card,BlueDart,Delivered,2025-08-18,Nagpur,MH
O000426,C0152,2025-06-22,Mobile,UPI,XpressBees,Delivered,2025-06-28,Mumbai,MH
O000427,C0164,2025-11-22,Mobile,UPI,XpressBees,Delivered,2025-11-27,Mumbai,MH
O000428,C0247,2025-10-22,Web,Card,BlueDart,Delivered,2025-10-26,Bengaluru,KA
O000429,C0227,2025-07-14,Web,Card,Delhivery,Delivered,2025-07-20,Hyderabad,TS
O000430,C0043,2025-11-29,Mobile,UPI,Delhivery,Cancelled,,Bengaluru,KA
O000431,C0068,2025-04-11,Marketplace,Wallet,EcomExpress,Delivered,2025-04-12,Bengaluru,KA
O000432,C0223,2025-12-20,Web,Card,Delhivery,Delivered,2025-12-27,Hyderabad,TS
O000433,C0021,2025-05-17,Web,UPI,BlueDart,Delivered,2025-05-20,Chennai,TN
O000434,C0020,2025-12-19,Mobile,UPI,DTDC,Delivered,2025-12-24,Bengaluru,KA
O000435,C0034,2025-05-25,Web,Card,EcomExpress,Delivered,2025-05-31,Chennai,TN
O000436,C0063,2025-11-15,Web,Card,BlueDart,Delivered,2025-11-21,Jaipur,RJ
O000437,C0026,2025-01-19,Marketplace,Card,Delhivery,Delivered,2025-01-23,Nagpur,MH
O000438,C0199,2025-09-08,Web,UPI,XpressBees,Delivered,2025-09-13,Mumbai,MH
O000439,C0020,2025-03-16,Mobile,Wallet,DTDC,Delivered,2025-03-20,Bengaluru,KA
O000440,C0224,2025-08-11,Web,Wallet,BlueDart,Delivered,2025-08-16,Chennai,TN
O000441,C0151,2025-10-09,Mobile,UPI,DTDC,Delivered,2025-10-16,Ahmedabad,GJ
O000442,C0125,2025-12-12,Web,UPI,EcomExpress,Delivered,2025-12-16,Chennai,TN
O000443,C0250,2025-12-24,Mobile,UPI,Delhivery,Delivered,2025-12-25,Bengaluru,KA
O000444,C0112,2025-03-14,Web,UPI,BlueDart,Delivered,2025-03-17,Ahmedabad,GJ
O000445,C0207,2025-10-31,Mobile,UPI,BlueDart,Delivered,2025-11-02,Jaipur,RJ
O000446,C0179,2025-07-19,Marketplace,UPI,DTDC,Delivered,2025-07-24,Hyderabad,TS
O000447,C0028,2025-06-14,Mobile,UPI,Delhivery,Delivered,2025-06-20,Ahmedabad,GJ
O000448,C0138,2025-08-12,Mobile,Wallet,XpressBees,Delivered,2025-08-13,Mumbai,MH
O000449,C0066,2025-08-01,Mobile,UPI,EcomExpress,Delivered,2025-08-05,Pune,MH
O000450,C0118,2025-04-12,Mobile,UPI,BlueDart,Delivered,2025-04-14,Pune,MH
O000451,C0242,2024-11-09,Web,UPI,BlueDart,Delivered,2024-11-14,Chennai,TN
O000452,C0030,2024-07-03,Mobile,UPI,DTDC,Delivered,2024-07-09,Jaipur,RJ
O000453,C0098,2025-10-17,Mobile,COD,EcomExpress,Delivered,2025-10-23,Bengaluru,KA
O000454,C0106,2025-03-27,Web,Card,Delhivery,Delivered,2025-03-29,Delhi,DL
O000455,C0193,2025-06-05,Mobile,UPI,DTDC,Delivered,2025-06-08,Kolkata,WB
O000456,C0029,2025-02-04,Mobile,UPI,EcomExpress,Cancelled,,Ahmedabad,GJ
O000457,C0044,2025-07-10,Web,UPI,XpressBees,Delivered,2025-07-11,Hyderabad,TS
O000458,C0124,2024-10-23,Web,UPI,DTDC,Delivered,2024-10-29,Chennai,TN
O000459,C0121,2025-12-13,Web,UPI,EcomExpress,Delivered,2025-12-15,Ahmedabad,GJ
O000460,C0006,2024-08-03,Mobile,NetBanking,EcomExpress,Delivered,2024-08-06,Bengaluru,KA
O000461,C0151,2025-05-28,Web,COD,DTDC,Delivered,2025-05-30,Ahmedabad,GJ
O000462,C0215,2025-09-20,Web,UPI,EcomExpress,Delivered,2025-09-27,Hyderabad,TS
O000463,C0135,2025-03-08,Web,UPI,Delhivery,Delivered,2025-03-11,Delhi,DL
O000464,C0173,2025-11-25,Mobile,UPI,XpressBees,Delivered,2025-11-29,Nagpur,MH
O000465,C0098,2025-10-23,Mobile,COD,XpressBees,Cancelled,,Bengaluru,KA
O000466,C0108,2025-11-05,Web,Card,BlueDart,Delivered,2025-11-07,Bengaluru,KA
O000467,C0077,2025-12-14,Mobile,UPI,DTDC,Delivered,2025-12-20,Delhi,DL
O000468,C0230,2024-10-03,Mobile,Card,DTDC,Delivered,2024-10-07,Jaipur,RJ
O000469,C0047,2025-06-26,Mobile,Card,XpressBees,Delivered,2025-07-03,Jaipur,RJ
O000470,C0032,2025-08-31,Mobile,UPI,BlueDart,Delivered,2025-09-07,Jaipur,RJ
O000471,C0242,2025-11-15,Web,Card,BlueDart,Cancelled,,Chennai,TN
O000472,C0176,2025-10-07,Mobile,COD,Delhivery,Delivered,2025-10-11,Bengaluru,KA
O000473,C0028,2025-05-19,Mobile,UPI,EcomExpress,Delivered,2025-05-25,Ahmedabad,GJ
O000474,C0202,2025-11-15,Web,UPI,XpressBees,Delivered,2025-11-16,Chennai,TN
O000475,C0177,2025-11-25,Web,UPI,Delhivery,Delivered,2025-12-02,Jaipur,RJ
O000476,C0229,2025-08-29,Mobile,Card,EcomExpress,Delivered,2025-09-02,Mumbai,MH
O000477,C0165,2025-06-07,Web,Card,BlueDart,Delivered,2025-06-12,Chennai,TN
O000478,C0161,2025-05-27,Web,UPI,BlueDart,Delivered,2025-06-02,Hyderabad,TS
O000479,C0127,2025-07-28,Web,NetBanking,BlueDart,Delivered,2025-07-31,Hyderabad,TS
O000480,C0031,2025-11-13,Web,Card,DTDC,Delivered,2025-11-17,Chennai,TN
O000481,C0140,2024-08-01,Web,UPI,BlueDart,Returned,2024-08-02,Ahmedabad,GJ
O000482,C0250,2025-12-05,Web,UPI,XpressBees,Cancelled,,Bengaluru,KA
O000483,C0030,2025-07-07,Mobile,UPI,Delhivery,Delivered,2025-07-08,Jaipur,RJ
O000484,C0154,2024-11-06,Mobile,COD,DTDC,Cancelled,,Nagpur,MH
O000485,C0241,2024-12-07,Web,UPI,BlueDart,Delivered,2024-12-11,Mumbai,MH
O000486,C0094,2025-12-25,Mobile,UPI,EcomExpress,Delivered,2025-12-26,Ahmedabad,GJ
O000487,C0018,2025-07-21,Mobile,UPI,DTDC,Delivered,2025-07-28,Ahmedabad,GJ
O000488,C0161,2024-10-22,Web,Wallet,Delhivery,Delivered,2024-10-29,Hyderabad,TS
O000489,C0105,2025-05-18,Mobile,Card,Delhivery,Delivered,2025-05-25,Bengaluru,KA
O000490,C0041,2025-08-07,Web,UPI,Delhivery,Delivered,2025-08-12,Nagpur,MH
O000491,C0145,2024-06-04,Mobile,NetBanking,EcomExpress,Delivered,2024-06-11,Hyderabad,TS
O000492,C0181,2025-06-19,Web,UPI,DTDC,Delivered,2025-06-24,Nagpur,MH
O000493,C0158,2025-04-20,Mobile,UPI,XpressBees,Delivered,2025-04-27,Mumbai,MH
O000494,C0159,2025-07-27,Mobile,UPI,DTDC,Cancelled,,Pune,MH
O000495,C0152,2025-01-03,Mobile,Card,DTDC,Delivered,2025-01-04,Mumbai,MH
O000496,C0236,2025-10-14,Mobile,UPI,BlueDart,Delivered,2025-10-19,Delhi,DL
O000497,C0032,2025-08-30,Marketplace,Wallet,XpressBees,Delivered,2025-09-03,Jaipur,RJ
O000498,C0173,2025-12-26,Web,NetBanking,EcomExpress,Delivered,2025-12-29,Nagpur,MH
O000499,C0102,2025-11-11,Mobile,COD,DTDC,Delivered,2025-11-12,Kolkata,WB
O000500,C0089,2025-08-25,Mobile,COD,Delhivery,Delivered,2025-08-27,Ahmedabad,GJ
O000501,C0173,2025-11-30,Mobile,Wallet,DTDC,Delivered,2025-12-06,Nagpur,MH
O000502,C0055,2025-12-02,Mobile,UPI,XpressBees,Delivered,2025-12-05,Hyderabad,TS
O000503,C0235,2025-11-11,Web,COD,DTDC,Delivered,2025-11-14,Jaipur,RJ
O000504,C0017,2025-01-24,Marketplace,UPI,XpressBees,Delivered,2025-01-26,Bengaluru,KA
O000505,C0145,2025-11-21,Web,UPI,DTDC,Delivered,2025-11-27,Hyderabad,TS
O000506,C0183,2025-06-16,Marketplace,UPI,Delhivery,Delivered,2025-06-18,Pune,MH
O000507,C0118,2025-08-16,Mobile,COD,XpressBees,Delivered,2025-08-21,Pune,MH
O000508,C0014,2024-04-12,Mobile,UPI,XpressBees,Delivered,2024-04-17,Mumbai,MH
O000509,C0003,2025-09-28,Web,NetBanking,EcomExpress,Delivered,2025-10-03,Mumbai,MH
O000510,C0018,2025-09-30,Web,NetBanking,Delhivery,Delivered,2025-10-01,Ahmedabad,GJ
O000511,C0011,2024-10-12,Mobile,UPI,DTDC,Delivered,2024-10-15,Delhi,DL
O000512,C0086,2025-11-04,Mobile,UPI,EcomExpress,Delivered,2025-11-10,Bengaluru,KA
O000513,C0146,2025-08-24,Web,Card,BlueDart,Delivered,2025-08-29,Kolkata,WB
O000514,C0216,2025-12-19,Web,UPI,Delhivery,Delivered,2025-12-25,Jaipur,RJ
O000515,C0250,2025-11-17,Web,Card,EcomExpress,Delivered,2025-11-21,Bengaluru,KA
O000516,C0230,2025-10-15,Web,UPI,DTDC,Cancelled,,Jaipur,RJ
O000517,C0076,2025-06-06,Web,UPI,Delhivery,Delivered,2025-06-09,Pune,MH
O000518,C0028,2025-12-06,Web,UPI,EcomExpress,Delivered,2025-12-10,Ahmedabad,GJ
O000519,C0085,2025-12-09,Web,NetBanking,BlueDart,Delivered,2025-12-10,Nagpur,MH
O000520,C0212,2025-12-08,Web,UPI,BlueDart,Delivered,2025-12-11,Chennai,TN
O000521,C0029,2025-01-05,Mobile,Card,Delhivery,Delivered,2025-01-06,Ahmedabad,GJ
O000522,C0184,2024-12-20,Mobile,Wallet,DTDC,Delivered,2024-12-27,Jaipur,RJ
O000523,C0045,2025-09-27,Mobile,Wallet,EcomExpress,Delivered,2025-09-29,Kolkata,WB
O000524,C0131,2025-03-21,Web,Wallet,EcomExpress,Delivered,2025-03-24,Hyderabad,TS
O000525,C0017,2025-12-28,Web,NetBanking,EcomExpress,Delivered,2026-01-02,Bengaluru,KA
O000526,C0028,2025-07-27,Mobile,UPI,EcomExpress,Delivered,2025-07-30,Ahmedabad,GJ
O000527,C0197,2025-10-26,Mobile,Card,Delhivery,Returned,2025-10-28,Kolkata,WB
O000528,C0161,2025-06-24,Marketplace,NetBanking,XpressBees,Delivered,2025-06-29,Hyderabad,TS
O000529,C0072,2025-12-07,Mobile,NetBanking,Delhivery,Delivered,2025-12-12,Jaipur,RJ
O000530,C0177,2025-12-26,Web,UPI,BlueDart,Delivered,2025-12-28,Jaipur,RJ
O000531,C0055,2025-11-30,Mobile,Card,DTDC,Delivered,2025-12-07,Hyderabad,TS
O000532,C0037,2025-11-25,Web,NetBanking,Delhivery,Delivered,2025-11-27,Delhi,DL
O000533,C0095,2025-10-26,Mobile,UPI,DTDC,Delivered,2025-11-01,Mumbai,MH
O000534,C0059,2024-02-16,Web,Card,DTDC,Cancelled,,Delhi,DL
O000535,C0053,2025-07-24,Web,Card,EcomExpress,Cancelled,,Jaipur,RJ
O000536,C0089,2025-01-10,Web,COD,DTDC,Delivered,2025-01-11,Ahmedabad,GJ
O000537,C0086,2025-10-26,Web,Card,BlueDart,Delivered,2025-10-27,Bengaluru,KA
O000538,C0132,2025-11-23,Mobile,UPI,DTDC,Delivered,2025-11-29,Ahmedabad,GJ
O000539,C0178,2025-08-12,Web,Card,DTDC,Delivered,2025-08-14,Ahmedabad,GJ
O000540,C0031,2025-09-19,Web,UPI,XpressBees,Delivered,2025-09-25,Chennai,TN
O000541,C0112,2025-02-26,Mobile,UPI,DTDC,Delivered,2025-03-03,Ahmedabad,GJ
O000542,C0185,2025-10-16,Web,COD,XpressBees,Delivered,2025-10-19,Bengaluru,KA
O000543,C0166,2025-02-27,Mobile,Wallet,EcomExpress,Delivered,2025-03-05,Kolkata,WB
O000544,C0188,2025-07-16,Web,NetBanking,Delhivery,Cancelled,,Nagpur,MH
O000545,C0024,2024-07-20,Web,Card,DTDC,Delivered,2024-07-23,Pune,MH
O000546,C0198,2025-12-19,Mobile,COD,DTDC,Delivered,2025-12-22,Nagpur,MH
O000547,C0146,2025-09-07,Web,UPI,Delhivery,Delivered,2025-09-11,Kolkata,WB
O000548,C0074,2025-12-31,Web,UPI,EcomExpress,Delivered,2026-01-05,Mumbai,MH
O000549,C0007,2025-09-18,Mobile,Card,XpressBees,Delivered,2025-09-22,Mumbai,MH
O000550,C0082,2025-09-20,Marketplace,UPI,EcomExpress,Delivered,2025-09-24,Nagpur,MH
O000551,C0084,2025-11-19,Mobile,Wallet,XpressBees,Delivered,2025-11-26,Jaipur,RJ
O000552,C0133,2024-09-08,Web,UPI,EcomExpress,Delivered,2024-09-11,Nagpur,MH
O000553,C0135,2025-11-08,Mobile,UPI,DTDC,Delivered,2025-11-13,Delhi,DL
O000554,C0075,2025-11-08,Web,Wallet,EcomExpress,Delivered,2025-11-09,Kolkata,WB
O000555,C0078,2025-03-20,Web,Card,BlueDart,Delivered,2025-03-23,Bengaluru,KA
O000556,C0136,2025-06-30,Mobile,UPI,BlueDart,Returned,2025-07-03,Jaipur,RJ
O000557,C0207,2025-12-28,Mobile,Card,EcomExpress,Delivered,2026-01-01,Jaipur,RJ
O000558,C0219,2025-12-11,Mobile,UPI,EcomExpress,Delivered,2025-12-17,Pune,MH
O000559,C0111,2024-07-24,Web,Card,XpressBees,Returned,2024-07-30,Bengaluru,KA
O000560,C0006,2025-12-09,Web,Wallet,BlueDart,Cancelled,,Bengaluru,KA
O000561,C0062,2025-07-20,Web,UPI,BlueDart,Delivered,2025-07-25,Bengaluru,KA
O000562,C0007,2025-08-10,Marketplace,Card,EcomExpress,Delivered,2025-08-12,Mumbai,MH
O000563,C0171,2025-04-26,Web,Card,BlueDart,Cancelled,,Jaipur,RJ
O000564,C0220,2025-08-09,Web,UPI,DTDC,Delivered,2025-08-14,Pune,MH
O000565,C0132,2025-12-30,Web,UPI,DTDC,Delivered,2026-01-04,Ahmedabad,GJ
O000566,C0062,2025-05-30,Web,COD,Delhivery,Delivered,2025-06-06,Bengaluru,KA
O000567,C0071,2025-07-05,Mobile,UPI,Delhivery,Cancelled,,Hyderabad,TS
O000568,C0052,2025-11-29,Mobile,NetBanking,Delhivery,Delivered,2025-11-30,Hyderabad,TS
O000569,C0197,2025-08-03,Mobile,Wallet,XpressBees,Delivered,2025-08-08,Kolkata,WB
O000570,C0230,2024-10-16,Marketplace,UPI,Delhivery,Delivered,2024-10-17,Jaipur,RJ
O000571,C0160,2025-01-28,Web,Card,BlueDart,Delivered,2025-02-04,Delhi,DL
O000572,C0119,2024-10-16,Web,UPI,BlueDart,Delivered,2024-10-20,Pune,MH
O000573,C0119,2025-07-11,Web,Card,DTDC,Delivered,2025-07-16,Pune,MH
O000574,C0235,2025-10-26,Web,Card,XpressBees,Delivered,2025-10-29,Jaipur,RJ
O000575,C0123,2025-06-29,Mobile,Wallet,BlueDart,Cancelled,,Kolkata,WB
O000576,C0083,2025-12-07,Marketplace,UPI,Delhivery,Delivered,2025-12-08,Nagpur,MH
O000577,C0101,2025-11-15,Web,Card,Delhivery,Delivered,2025-11-20,Kolkata,WB
O000578,C0099,2025-06-15,Mobile,UPI,BlueDart,Delivered,2025-06-18,Hyderabad,TS
O000579,C0246,2025-12-29,Marketplace,COD,EcomExpress,Delivered,2025-12-31,Nagpur,MH
O000580,C0140,2024-09-15,Mobile,Wallet,EcomExpress,Delivered,2024-09-20,Ahmedabad,GJ
O000581,C0032,2025-08-15,Marketplace,Card,DTDC,Delivered,2025-08-17,Jaipur,RJ
O000582,C0005,2025-10-26,Web,Wallet,EcomExpress,Delivered,2025-10-29,Bengaluru,KA
O000583,C0036,2025-05-19,Mobile,Card,EcomExpress,Cancelled,,Hyderabad,TS
O000584,C0210,2025-12-07,Web,UPI,DTDC,Delivered,2025-12-12,Ahmedabad,GJ
O000585,C0099,2025-10-12,Web,Card,Delhivery,Delivered,2025-10-18,Hyderabad,TS
O000586,C0090,2025-05-13,Web,Card,Delhivery,Delivered,2025-05-17,Hyderabad,TS
O000587,C0219,2024-05-11,Web,UPI,DTDC,Delivered,2024-05-12,Pune,MH
O000588,C0088,2025-12-22,Web,Card,XpressBees,Delivered,2025-12-27,Mumbai,MH
O000589,C0015,2025-11-14,Web,COD,Delhivery,Delivered,2025-11-16,Ahmedabad,GJ
O000590,C0224,2025-06-11,Web,UPI,BlueDart,Delivered,2025-06-16,Chennai,TN
O000591,C0120,2024-12-08,Web,COD,Delhivery,Returned,2024-12-10,Hyderabad,TS
O000592,C0059,2025-12-24,Marketplace,UPI,DTDC,Delivered,2025-12-30,Delhi,DL
O000593,C0031,2025-11-25,Web,COD,XpressBees,Delivered,2025-11-29,Chennai,TN
O000594,C0137,2025-04-30,Marketplace,UPI,DTDC,Delivered,2025-05-01,Ahmedabad,GJ
O000595,C0017,2025-10-06,Mobile,Card,DTDC,Delivered,2025-10-08,Bengaluru,KA
O000596,C0248,2025-05-26,Mobile,UPI,Delhivery,Delivered,2025-05-31,Mumbai,MH
O000597,C0111,2025-06-28,Web,UPI,XpressBees,Delivered,2025-07-02,Bengaluru,KA
O000598,C0236,2025-06-20,Web,UPI,EcomExpress,Delivered,2025-06-21,Delhi,DL
O000599,C0086,2025-10-27,Mobile,Card,Delhivery,Returned,2025-11-02,Bengaluru,KA
O000600,C0024,2024-09-07,Web,Wallet,EcomExpress,Delivered,2024-09-12,Pune,MH
O000601,C0169,2025-11-30,Web,Card,EcomExpress,Delivered,2025-12-07,Pune,MH
O000602,C0157,2025-12-13,Marketplace,UPI,Delhivery,Cancelled,,Mumbai,MH
O000603,C0011,2025-01-05,Marketplace,UPI,EcomExpress,Delivered,2025-01-07,Delhi,DL
O000604,C0191,2025-09-25,Web,COD,DTDC,Delivered,2025-09-30,Kolkata,WB
O000605,C0108,2025-10-22,Mobile,COD,XpressBees,Delivered,2025-10-27,Bengaluru,KA
O000606,C0249,2025-07-10,Web,UPI,XpressBees,Delivered,2025-07-13,Kolkata,WB
O000607,C0195,2025-06-08,Web,UPI,EcomExpress,Cancelled,,Jaipur,RJ
O000608,C0123,2025-06-07,Web,UPI,EcomExpress,Delivered,2025-06-12,Kolkata,WB
O000609,C0061,2025-10-26,Mobile,COD,Delhivery,Delivered,2025-10-30,Mumbai,MH
O000610,C0073,2025-10-19,Marketplace,UPI,XpressBees,Delivered,2025-10-22,Hyderabad,TS
O000611,C0065,2024-06-22,Web,NetBanking,Delhivery,Delivered,2024-06-25,Chennai,TN
O000612,C0013,2025-09-24,Web,COD,XpressBees,Delivered,2025-09-25,Ahmedabad,GJ
O000613,C0004,2024-09-18,Mobile,UPI,BlueDart,Delivered,2024-09-25,Nagpur,MH
O000614,C0087,2025-12-22,Web,UPI,BlueDart,Delivered,2025-12-26,Pune,MH
O000615,C0173,2025-11-24,Web,UPI,Delhivery,Delivered,2025-11-30,Nagpur,MH
O000616,C0143,2025-02-07,Mobile,Card,XpressBees,Delivered,2025-02-10,Nagpur,MH
O000617,C0071,2025-07-23,Mobile,Card,DTDC,Cancelled,,Hyderabad,TS
O000618,C0021,2025-10-08,Web,UPI,Delhivery,Delivered,2025-10-09,Chennai,TN
O000619,C0084,2025-10-17,Mobile,Card,DTDC,Delivered,2025-10-19,Jaipur,RJ
O000620,C0229,2025-09-23,Web,UPI,BlueDart,Delivered,2025-09-29,Mumbai,MH
O000621,C0205,2025-03-14,Mobile,Card,BlueDart,Delivered,2025-03-15,Bengaluru,KA
O000622,C0123,2024-06-25,Web,UPI,XpressBees,Delivered,2024-07-01,Kolkata,WB
O000623,C0214,2025-05-14,Mobile,Card,BlueDart,Delivered,2025-05-16,Hyderabad,TS
O000624,C0217,2025-04-20,Mobile,Wallet,EcomExpress,Delivered,2025-04-25,Chennai,TN
O000625,C0004,2025-10-13,Web,UPI,EcomExpress,Delivered,2025-10-15,Nagpur,MH
O000626,C0137,2025-03-08,Web,Card,BlueDart,Delivered,2025-03-10,Ahmedabad,GJ
O000627,C0097,2025-09-22,Web,UPI,XpressBees,Cancelled,,Hyderabad,TS
O000628,C0001,2025-12-22,Marketplace,Card,EcomExpress,Delivered,2025-12-28,Kolkata,WB
O000629,C0112,2025-04-11,Web,Wallet,BlueDart,Delivered,2025-04-13,Ahmedabad,GJ
O000630,C0211,2025-06-02,Web,UPI,DTDC,Delivered,2025-06-06,Mumbai,MH
O000631,C0120,2024-08-29,Mobile,UPI,Delhivery,Delivered,2024-08-30,Hyderabad,TS
O000632,C0038,2025-06-09,Web,UPI,DTDC,Returned,2025-06-16,Hyderabad,TS
O000633,C0168,2025-11-23,Web,UPI,DTDC,Delivered,2025-11-24,Mumbai,MH
O000634,C0164,2025-11-22,Marketplace,UPI,XpressBees,Delivered,2025-11-24,Mumbai,MH
O000635,C0108,2025-11-17,Web,UPI,Delhivery,Delivered,2025-11-19,Bengaluru,KA
O000636,C0089,2024-12-04,Web,Card,DTDC,Delivered,2024-12-05,Ahmedabad,GJ
O000637,C0182,2025-05-30,Web,UPI,XpressBees,Delivered,2025-06-03,Bengaluru,KA
O000638,C0227,2024-12-01,Web,NetBanking,DTDC,Delivered,2024-12-02,Hyderabad,TS
O000639,C0173,2025-12-03,Web,UPI,EcomExpress,Delivered,2025-12-09,Nagpur,MH
O000640,C0157,2025-06-05,Mobile,UPI,XpressBees,Delivered,2025-06-07,Mumbai,MH
O000641,C0100,2025-12-27,Web,UPI,EcomExpress,Delivered,2025-12-28,Ahmedabad,GJ
O000642,C0150,2025-04-30,Mobile,UPI,EcomExpress,Delivered,2025-05-03,Mumbai,MH
O000643,C0076,2025-09-05,Marketplace,UPI,DTDC,Delivered,2025-09-07,Pune,MH
O000644,C0097,2024-12-28,Marketplace,UPI,XpressBees,Delivered,2025-01-03,Hyderabad,TS
O000645,C0004,2024-11-22,Mobile,Wallet,BlueDart,Cancelled,,Nagpur,MH
O000646,C0074,2025-12-28,Web,Card,DTDC,Delivered,2026-01-02,Mumbai,MH
O000647,C0007,2025-10-18,Mobile,UPI,Delhivery,Delivered,2025-10-21,Mumbai,MH
O000648,C0087,2025-11-02,Marketplace,COD,XpressBees,Delivered,2025-11-05,Pune,MH
O000649,C0239,2025-11-19,Web,Wallet,BlueDart,Returned,2025-11-21,Chennai,TN
O000650,C0078,2025-12-21,Marketplace,UPI,BlueDart,Returned,2025-12-23,Bengaluru,KA
O000651,C0217,2024-08-08,Web,COD,DTDC,Delivered,2024-08-10,Chennai,TN
O000652,C0189,2024-11-08,Web,UPI,EcomExpress,Delivered,2024-11-10,Ahmedabad,GJ
O000653,C0088,2025-10-19,Web,COD,EcomExpress,Delivered,2025-10-24,Mumbai,MH
O000654,C0038,2025-09-29,Web,COD,EcomExpress,Delivered,2025-10-03,Hyderabad,TS
O000655,C0143,2025-10-09,Mobile,UPI,BlueDart,Delivered,2025-10-12,Nagpur,MH
O000656,C0138,2025-11-22,Mobile,COD,BlueDart,Delivered,2025-11-26,Mumbai,MH
O000657,C0182,2025-02-11,Web,Card,DTDC,Delivered,2025-02-18,Bengaluru,KA
O000658,C0208,2025-12-21,Web,COD,EcomExpress,Delivered,2025-12-28,Mumbai,MH
O000659,C0032,2025-04-08,Mobile,NetBanking,DTDC,Delivered,2025-04-13,Jaipur,RJ
O000660,C0083,2025-12-17,Mobile,UPI,EcomExpress,Delivered,2025-12-21,Nagpur,MH
O000661,C0131,2025-12-29,Mobile,UPI,Delhivery,Delivered,2026-01-01,Hyderabad,TS
O000662,C0109,2025-05-03,Mobile,UPI,EcomExpress,Delivered,2025-05-08,Ahmedabad,GJ
O000663,C0084,2025-04-14,Web,UPI,DTDC,Delivered,2025-04-21,Jaipur,RJ
O000664,C0098,2025-10-29,Mobile,UPI,EcomExpress,Delivered,2025-11-01,Bengaluru,KA
O000665,C0229,2025-07-29,Web,Card,XpressBees,Delivered,2025-08-05,Mumbai,MH
O000666,C0132,2025-09-25,Web,Wallet,BlueDart,Delivered,2025-09-28,Ahmedabad,GJ
O000667,C0040,2025-09-23,Web,NetBanking,XpressBees,Delivered,2025-09-27,Pune,MH
O000668,C0083,2025-12-26,Web,UPI,XpressBees,Delivered,2025-12-27,Nagpur,MH
O000669,C0045,2025-06-24,Web,UPI,XpressBees,Delivered,2025-06-28,Kolkata,WB
O000670,C0029,2024-08-27,Web,UPI,Delhivery,Delivered,2024-08-29,Ahmedabad,GJ
O000671,C0073,2025-12-23,Web,UPI,DTDC,Delivered,2025-12-28,Hyderabad,TS
O000672,C0187,2024-06-25,Marketplace,UPI,XpressBees,Delivered,2024-06-27,Hyderabad,TS
O000673,C0034,2025-09-10,Web,UPI,DTDC,Returned,2025-09-16,Chennai,TN
O000674,C0060,2025-11-24,Web,NetBanking,XpressBees,Delivered,2025-12-01,Jaipur,RJ
O000675,C0021,2025-11-13,Web,Card,BlueDart,Delivered,2025-11-18,Chennai,TN
O000676,C0073,2025-11-27,Web,Wallet,Delhivery,Cancelled,,Hyderabad,TS
O000677,C0236,2025-12-03,Mobile,Card,XpressBees,Delivered,2025-12-06,Delhi,DL
O000678,C0183,2024-04-06,Web,COD,Delhivery,Delivered,2024-04-13,Pune,MH
O000679,C0024,2025-11-06,Mobile,COD,DTDC,Delivered,2025-11-11,Pune,MH
O000680,C0050,2025-06-10,Web,Card,DTDC,Delivered,2025-06-13,Hyderabad,TS
O000681,C0077,2025-11-27,Web,Wallet,EcomExpress,Returned,2025-12-02,Delhi,DL
O000682,C0046,2025-12-15,Mobile,NetBanking,XpressBees,Delivered,2025-12-18,Jaipur,RJ
O000683,C0075,2025-11-09,Web,COD,Delhivery,Delivered,2025-11-14,Kolkata,WB
O000684,C0168,2025-08-17,Web,Card,XpressBees,Delivered,2025-08-21,Mumbai,MH
O000685,C0139,2025-12-03,Marketplace,UPI,Delhivery,Delivered,2025-12-06,Chennai,TN
O000686,C0217,2025-03-23,Web,NetBanking,DTDC,Delivered,2025-03-29,Chennai,TN
O000687,C0193,2025-08-25,Mobile,NetBanking,BlueDart,Delivered,2025-09-01,Kolkata,WB
O000688,C0093,2024-12-04,Web,UPI,Delhivery,Cancelled,,Bengaluru,KA
O000689,C0044,2025-12-14,Mobile,UPI,Delhivery,Delivered,2025-12-16,Hyderabad,TS
O000690,C0162,2025-05-02,Mobile,UPI,BlueDart,Delivered,2025-05-05,Chennai,TN
O000691,C0250,2025-12-08,Mobile,Card,BlueDart,Delivered,2025-12-11,Bengaluru,KA
O000692,C0037,2025-11-01,Web,Card,EcomExpress,Delivered,2025-11-04,Delhi,DL
O000693,C0131,2025-05-25,Mobile,UPI,DTDC,Returned,2025-05-29,Hyderabad,TS
O000694,C0188,2025-07-21,Marketplace,NetBanking,EcomExpress,Delivered,2025-07-25,Nagpur,MH
O000695,C0055,2025-11-24,Mobile,NetBanking,BlueDart,Cancelled,,Hyderabad,TS
O000696,C0031,2025-08-21,Web,Wallet,EcomExpress,Delivered,2025-08-25,Chennai,TN
O000697,C0111,2024-05-21,Web,Wallet,XpressBees,Delivered,2024-05-27,Bengaluru,KA
O000698,C0090,2024-09-25,Mobile,UPI,EcomExpress,Delivered,2024-09-29,Hyderabad,TS
O000699,C0039,2025-05-16,Web,UPI,DTDC,Delivered,2025-05-17,Kolkata,WB
O000700,C0162,2024-07-08,Mobile,Card,BlueDart,Cancelled,,Chennai,TN
O000701,C0014,2025-03-14,Mobile,Card,XpressBees,Delivered,2025-03-21,Mumbai,MH
O000702,C0185,2025-05-23,Mobile,UPI,DTDC,Delivered,2025-05-26,Bengaluru,KA
O000703,C0183,2024-05-21,Mobile,UPI,EcomExpress,Delivered,2024-05-28,Pune,MH
O000704,C0156,2025-09-04,Web,Card,XpressBees,Delivered,2025-09-09,Ahmedabad,GJ
O000705,C0211,2025-04-07,Mobile,UPI,XpressBees,Delivered,2025-04-08,Mumbai,MH
O000706,C0226,2025-10-23,Web,UPI,XpressBees,Delivered,2025-10-29,Kolkata,WB
O000707,C0120,2025-02-16,Mobile,UPI,DTDC,Cancelled,,Hyderabad,TS
O000708,C0240,2025-12-17,Web,UPI,BlueDart,Delivered,2025-12-24,Nagpur,MH
O000709,C0048,2025-12-24,Web,Wallet,EcomExpress,Delivered,2025-12-30,Bengaluru,KA
O000710,C0009,2025-03-28,Mobile,Card,BlueDart,Cancelled,,Bengaluru,KA
O000711,C0150,2024-11-29,Mobile,Card,BlueDart,Delivered,2024-12-05,Mumbai,MH
O000712,C0063,2025-07-08,Web,COD,EcomExpress,Delivered,2025-07-13,Jaipur,RJ
O000713,C0199,2025-10-30,Mobile,UPI,XpressBees,Delivered,2025-11-03,Mumbai,MH
O000714,C0009,2025-09-27,Mobile,UPI,XpressBees,Delivered,2025-09-28,Bengaluru,KA
O000715,C0187,2024-06-26,Web,UPI,Delhivery,Delivered,2024-07-01,Hyderabad,TS
O000716,C0013,2025-05-01,Web,Wallet,BlueDart,Delivered,2025-05-02,Ahmedabad,GJ
O000717,C0034,2025-11-09,Web,Wallet,EcomExpress,Delivered,2025-11-11,Chennai,TN
O000718,C0201,2025-08-17,Mobile,UPI,Delhivery,Delivered,2025-08-24,Hyderabad,TS
O000719,C0040,2024-06-18,Mobile,UPI,BlueDart,Delivered,2024-06-21,Pune,MH
O000720,C0039,2025-06-12,Web,UPI,DTDC,Delivered,2025-06-16,Kolkata,WB
O000721,C0049,2025-12-23,Web,Wallet,BlueDart,Delivered,2025-12-26,Delhi,DL
O000722,C0140,2024-11-01,Mobile,Card,DTDC,Delivered,2024-11-02,Ahmedabad,GJ
O000723,C0016,2024-12-04,Web,UPI,DTDC,Delivered,2024-12-07,Delhi,DL
O000724,C0225,2025-11-23,Marketplace,Card,DTDC,Delivered,2025-11-30,Jaipur,RJ
O000725,C0125,2025-03-31,Mobile,Wallet,DTDC,Delivered,2025-04-01,Chennai,TN
O000726,C0214,2024-07-03,Mobile,UPI,Delhivery,Delivered,2024-07-07,Hyderabad,TS
O000727,C0069,2025-06-22,Mobile,NetBanking,DTDC,Delivered,2025-06-25,Chennai,TN
O000728,C0156,2025-12-21,Mobile,Card,DTDC,Delivered,2025-12-27,Ahmedabad,GJ
O000729,C0069,2025-04-01,Mobile,Card,BlueDart,Delivered,2025-04-02,Chennai,TN
O000730,C0052,2025-08-20,Mobile,COD,BlueDart,Delivered,2025-08-21,Hyderabad,TS
O000731,C0041,2025-05-08,Mobile,UPI,BlueDart,Delivered,2025-05-12,Nagpur,MH
O000732,C0204,2024-08-05,Mobile,UPI,DTDC,Delivered,2024-08-08,Hyderabad,TS
O000733,C0229,2025-06-08,Marketplace,NetBanking,DTDC,Delivered,2025-06-12,Mumbai,MH
O000734,C0235,2025-12-31,Mobile,NetBanking,BlueDart,Cancelled,,Jaipur,RJ
O000735,C0146,2025-07-05,Web,UPI,EcomExpress,Delivered,2025-07-12,Kolkata,WB
O000736,C0057,2025-09-19,Mobile,COD,DTDC,Delivered,2025-09-20,Mumbai,MH
O000737,C0198,2025-12-21,Web,NetBanking,EcomExpress,Delivered,2025-12-27,Nagpur,MH
O000738,C0235,2025-12-17,Web,COD,Delhivery,Delivered,2025-12-19,Jaipur,RJ
O000739,C0082,2025-02-27,Mobile,Wallet,DTDC,Delivered,2025-03-04,Nagpur,MH
O000740,C0008,2025-08-23,Mobile,NetBanking,Delhivery,Delivered,2025-08-29,Delhi,DL
O000741,C0159,2025-10-15,Mobile,Wallet,DTDC,Delivered,2025-10-17,Pune,MH
O000742,C0244,2025-12-03,Mobile,Card,Delhivery,Cancelled,,Jaipur,RJ
O000743,C0180,2024-06-23,Marketplace,UPI,Delhivery,Cancelled,,Pune,MH
O000744,C0227,2025-09-14,Mobile,Wallet,XpressBees,Delivered,2025-09-17,Hyderabad,TS
O000745,C0165,2025-09-07,Mobile,Card,XpressBees,Delivered,2025-09-09,Chennai,TN
O000746,C0059,2024-07-25,Mobile,UPI,EcomExpress,Delivered,2024-07-29,Delhi,DL
O000747,C0118,2025-03-17,Web,UPI,EcomExpress,Delivered,2025-03-19,Pune,MH
O000748,C0060,2025-10-07,Mobile,COD,DTDC,Delivered,2025-10-10,Jaipur,RJ
O000749,C0092,2025-10-08,Web,COD,EcomExpress,Delivered,2025-10-14,Bengaluru,KA
O000750,C0172,2025-02-15,Marketplace,Card,EcomExpress,Delivered,2025-02-18,Hyderabad,TS
O000751,C0135,2025-07-27,Mobile,NetBanking,DTDC,Delivered,2025-07-30,Delhi,DL
O000752,C0150,2025-08-19,Mobile,UPI,DTDC,Returned,2025-08-26,Mumbai,MH
O000753,C0211,2025-04-10,Web,NetBanking,XpressBees,Delivered,2025-04-17,Mumbai,MH
O000754,C0161,2025-11-17,Web,UPI,XpressBees,Delivered,2025-11-22,Hyderabad,TS
O000755,C0102,2024-07-28,Web,UPI,XpressBees,Delivered,2024-08-03,Kolkata,WB
O000756,C0247,2025-11-21,Web,COD,Delhivery,Delivered,2025-11-24,Bengaluru,KA
O000757,C0122,2025-11-02,Web,Card,Delhivery,Delivered,2025-11-08,Pune,MH
O000758,C0154,2024-11-20,Marketplace,UPI,BlueDart,Delivered,2024-11-25,Nagpur,MH
O000759,C0063,2025-12-19,Web,Card,Delhivery,Delivered,2025-12-22,Jaipur,RJ
O000760,C0157,2025-04-01,Web,UPI,BlueDart,Delivered,2025-04-08,Mumbai,MH
O000761,C0106,2025-09-18,Web,UPI,Delhivery,Returned,2025-09-22,Delhi,DL
O000762,C0036,2025-10-05,Mobile,UPI,Delhivery,Delivered,2025-10-08,Hyderabad,TS
O000763,C0211,2025-11-15,Mobile,UPI,Delhivery,Delivered,2025-11-18,Mumbai,MH
O000764,C0242,2025-05-20,Mobile,Card,XpressBees,Delivered,2025-05-23,Chennai,TN
O000765,C0243,2025-09-15,Mobile,NetBanking,XpressBees,Delivered,2025-09-20,Kolkata,WB
O000766,C0022,2025-03-30,Web,NetBanking,Delhivery,Delivered,2025-04-02,Delhi,DL
O000767,C0190,2025-05-30,Web,Wallet,BlueDart,Delivered,2025-06-03,Pune,MH
O000768,C0021,2025-09-20,Mobile,COD,Delhivery,Delivered,2025-09-22,Chennai,TN
O000769,C0132,2025-09-29,Mobile,NetBanking,BlueDart,Delivered,2025-09-30,Ahmedabad,GJ
O000770,C0205,2025-11-22,Web,COD,BlueDart,Delivered,2025-11-27,Bengaluru,KA
O000771,C0152,2025-05-13,Web,UPI,BlueDart,Cancelled,,Mumbai,MH
O000772,C0104,2025-10-17,Web,NetBanking,DTDC,Delivered,2025-10-23,Kolkata,WB
O000773,C0105,2025-03-17,Web,Card,DTDC,Cancelled,,Bengaluru,KA
O000774,C0023,2025-05-18,Marketplace,UPI,EcomExpress,Delivered,2025-05-19,Jaipur,RJ
O000775,C0009,2025-12-29,Mobile,Wallet,DTDC,Delivered,2026-01-01,Bengaluru,KA
O000776,C0152,2025-11-28,Mobile,Wallet,EcomExpress,Delivered,2025-12-02,Mumbai,MH
O000777,C0155,2025-10-28,Web,UPI,EcomExpress,Cancelled,,Hyderabad,TS
O000778,C0140,2025-05-22,Mobile,UPI,XpressBees,Delivered,2025-05-25,Ahmedabad,GJ
O000779,C0043,2025-04-07,Marketplace,UPI,XpressBees,Delivered,2025-04-14,Bengaluru,KA
O000780,C0228,2025-11-08,Web,Wallet,Delhivery,Delivered,2025-11-10,Hyderabad,TS
O000781,C0055,2025-11-23,Web,Card,DTDC,Delivered,2025-11-27,Hyderabad,TS
O000782,C0098,2025-10-18,Mobile,UPI,DTDC,Delivered,2025-10-19,Bengaluru,KA
O000783,C0183,2025-12-10,Mobile,Card,BlueDart,Delivered,2025-12-12,Pune,MH
O000784,C0227,2025-12-20,Mobile,UPI,DTDC,Returned,2025-12-24,Hyderabad,TS
O000785,C0153,2025-11-29,Web,Card,XpressBees,Delivered,2025-12-02,Chennai,TN
O000786,C0079,2025-03-27,Mobile,UPI,Delhivery,Delivered,2025-04-03,Hyderabad,TS
O000787,C0116,2025-07-14,Web,UPI,Delhivery,Delivered,2025-07-18,Nagpur,MH
O000788,C0059,2024-12-06,Marketplace,UPI,Delhivery,Delivered,2024-12-11,Delhi,DL
O000789,C0147,2025-10-11,Web,UPI,Delhivery,Delivered,2025-10-18,Bengaluru,KA
O000790,C0118,2025-09-26,Mobile,COD,DTDC,Delivered,2025-09-27,Pune,MH
O000791,C0106,2025-11-18,Web,Wallet,XpressBees,Delivered,2025-11-19,Delhi,DL
O000792,C0025,2024-12-30,Marketplace,Card,BlueDart,Delivered,2025-01-06,Nagpur,MH
O000793,C0015,2024-11-19,Marketplace,UPI,BlueDart,Cancelled,,Ahmedabad,GJ
O000794,C0104,2025-10-15,Mobile,COD,Delhivery,Cancelled,,Kolkata,WB
O000795,C0210,2024-07-11,Web,Card,DTDC,Delivered,2024-07-15,Ahmedabad,GJ
O000796,C0091,2025-12-15,Web,Card,EcomExpress,Delivered,2025-12-18,Ahmedabad,GJ
O000797,C0223,2025-05-20,Web,UPI,DTDC,Delivered,2025-05-22,Hyderabad,TS
O000798,C0106,2025-04-14,Mobile,UPI,EcomExpress,Cancelled,,Delhi,DL
O000799,C0125,2024-12-18,Web,UPI,EcomExpress,Delivered,2024-12-20,Chennai,TN
O000800,C0140,2024-11-08,Mobile,UPI,BlueDart,Delivered,2024-11-13,Ahmedabad,GJ
O000801,C0164,2025-11-18,Mobile,UPI,DTDC,Delivered,2025-11-24,Mumbai,MH
O000802,C0132,2025-09-28,Mobile,Card,XpressBees,Returned,2025-10-02,Ahmedabad,GJ
O000803,C0005,2025-03-23,Web,UPI,DTDC,Delivered,2025-03-30,Bengaluru,KA
O000804,C0240,2025-06-25,Web,COD,BlueDart,Delivered,2025-06-27,Nagpur,MH
O000805,C0103,2025-01-19,Web,COD,Delhivery,Delivered,2025-01-22,Chennai,TN
O000806,C0234,2025-08-18,Web,UPI,DTDC,Delivered,2025-08-25,Kolkata,WB
O000807,C0077,2025-07-15,Mobile,UPI,BlueDart,Delivered,2025-07-19,Delhi,DL
O000808,C0063,2025-11-27,Mobile,Card,EcomExpress,Returned,2025-12-02,Jaipur,RJ
O000809,C0041,2025-11-14,Web,UPI,XpressBees,Returned,2025-11-16,Nagpur,MH
O000810,C0214,2024-06-24,Web,UPI,DTDC,Delivered,2024-07-01,Hyderabad,TS
O000811,C0024,2025-07-19,Mobile,UPI,DTDC,Delivered,2025-07-23,Pune,MH
O000812,C0235,2025-11-21,Web,UPI,EcomExpress,Delivered,2025-11-26,Jaipur,RJ
O000813,C0077,2025-09-16,Mobile,Wallet,Delhivery,Delivered,2025-09-20,Delhi,DL
O000814,C0104,2025-04-05,Marketplace,Card,Delhivery,Delivered,2025-04-10,Kolkata,WB
O000815,C0159,2025-07-08,Web,Card,EcomExpress,Delivered,2025-07-09,Pune,MH
O000816,C0110,2025-01-05,Web,Card,BlueDart,Delivered,2025-01-06,Hyderabad,TS
O000817,C0008,2025-08-31,Mobile,UPI,BlueDart,Delivered,2025-09-02,Delhi,DL
O000818,C0104,2025-03-02,Marketplace,UPI,XpressBees,Delivered,2025-03-06,Kolkata,WB
O000819,C0098,2025-11-08,Mobile,UPI,BlueDart,Delivered,2025-11-12,Bengaluru,KA
O000820,C0200,2025-04-18,Mobile,COD,BlueDart,Delivered,2025-04-24,Bengaluru,KA
O000821,C0051,2025-02-15,Mobile,Card,BlueDart,Delivered,2025-02-17,Pune,MH
O000822,C0233,2025-07-30,Mobile,Card,Delhivery,Delivered,2025-08-03,Mumbai,MH
O000823,C0036,2025-07-16,Marketplace,UPI,DTDC,Returned,2025-07-21,Hyderabad,TS
O000824,C0192,2025-04-26,Web,NetBanking,EcomExpress,Delivered,2025-05-03,Delhi,DL
O000825,C0048,2024-10-01,Mobile,UPI,BlueDart,Delivered,2024-10-04,Bengaluru,KA
O000826,C0150,2024-08-12,Mobile,NetBanking,Delhivery,Cancelled,,Mumbai,MH
O000827,C0087,2025-11-10,Web,UPI,DTDC,Delivered,2025-11-17,Pune,MH
O000828,C0199,2025-08-29,Mobile,Card,BlueDart,Delivered,2025-08-31,Mumbai,MH
O000829,C0227,2024-04-14,Marketplace,NetBanking,BlueDart,Delivered,2024-04-21,Hyderabad,TS
O000830,C0247,2025-11-22,Web,UPI,EcomExpress,Delivered,2025-11-29,Bengaluru,KA
O000831,C0135,2024-11-26,Web,Wallet,XpressBees,Delivered,2024-12-01,Delhi,DL
O000832,C0222,2025-12-02,Mobile,UPI,Delhivery,Returned,2025-12-03,Mumbai,MH
O000833,C0172,2024-11-30,Mobile,UPI,EcomExpress,Delivered,2024-12-07,Hyderabad,TS
O000834,C0163,2025-04-04,Marketplace,UPI,BlueDart,Delivered,2025-04-07,Kolkata,WB
O000835,C0099,2025-12-07,Web,NetBanking,EcomExpress,Delivered,2025-12-12,Hyderabad,TS
O000836,C0131,2025-10-06,Mobile,UPI,BlueDart,Delivered,2025-10-13,Hyderabad,TS
O000837,C0010,2025-12-01,Mobile,UPI,DTDC,Cancelled,,Ahmedabad,GJ
O000838,C0169,2025-09-27,Web,NetBanking,BlueDart,Returned,2025-10-04,Pune,MH
O000839,C0083,2025-12-11,Marketplace,UPI,DTDC,Delivered,2025-12-18,Nagpur,MH
O000840,C0084,2024-12-12,Mobile,Card,Delhivery,Delivered,2024-12-19,Jaipur,RJ
O000841,C0102,2025-05-16,Web,NetBanking,XpressBees,Delivered,2025-05-22,Kolkata,WB
O000842,C0249,2025-11-22,Web,UPI,XpressBees,Delivered,2025-11-29,Kolkata,WB
O000843,C0196,2025-03-28,Mobile,UPI,XpressBees,Delivered,2025-04-04,Delhi,DL
O000844,C0158,2025-01-21,Web,COD,DTDC,Delivered,2025-01-23,Mumbai,MH
O000845,C0191,2025-07-26,Mobile,Card,BlueDart,Delivered,2025-07-28,Kolkata,WB
O000846,C0079,2025-07-18,Web,COD,XpressBees,Delivered,2025-07-22,Hyderabad,TS
O000847,C0069,2025-05-08,Web,UPI,DTDC,Cancelled,,Chennai,TN
O000848,C0161,2024-08-23,Web,UPI,EcomExpress,Returned,2024-08-24,Hyderabad,TS
O000849,C0040,2025-12-14,Mobile,NetBanking,BlueDart,Delivered,2025-12-20,Pune,MH
O000850,C0102,2025-11-28,Mobile,NetBanking,BlueDart,Delivered,2025-12-03,Kolkata,WB
O000851,C0214,2024-08-27,Web,Wallet,XpressBees,Delivered,2024-08-30,Hyderabad,TS
O000852,C0100,2025-12-01,Web,Wallet,Delhivery,Delivered,2025-12-08,Ahmedabad,GJ
O000853,C0167,2025-12-27,Mobile,UPI,BlueDart,Delivered,2025-12-31,Kolkata,WB
O000854,C0025,2025-12-15,Web,Card,Delhivery,Delivered,2025-12-16,Nagpur,MH
O000855,C0097,2025-07-28,Mobile,UPI,XpressBees,Delivered,2025-08-03,Hyderabad,TS
O000856,C0177,2025-11-30,Mobile,Card,DTDC,Delivered,2025-12-05,Jaipur,RJ
O000857,C0094,2025-04-25,Mobile,Card,EcomExpress,Delivered,2025-05-02,Ahmedabad,GJ
O000858,C0184,2025-09-29,Mobile,UPI,XpressBees,Delivered,2025-10-01,Jaipur,RJ
O000859,C0007,2025-08-05,Mobile,UPI,XpressBees,Delivered,2025-08-10,Mumbai,MH
O000860,C0160,2025-04-26,Marketplace,UPI,Delhivery,Delivered,2025-04-28,Delhi,DL
O000861,C0114,2025-11-17,Marketplace,UPI,Delhivery,Delivered,2025-11-23,Chennai,TN
O000862,C0060,2025-12-18,Web,Card,EcomExpress,Delivered,2025-12-20,Jaipur,RJ
O000863,C0096,2024-08-20,Mobile,Card,EcomExpress,Delivered,2024-08-25,Ahmedabad,GJ
O000864,C0178,2025-10-03,Mobile,UPI,Delhivery,Delivered,2025-10-10,Ahmedabad,GJ
O000865,C0176,2024-12-12,Web,Card,XpressBees,Delivered,2024-12-15,Bengaluru,KA
O000866,C0145,2025-08-31,Marketplace,UPI,BlueDart,Delivered,2025-09-03,Hyderabad,TS
O000867,C0190,2025-07-31,Mobile,NetBanking,DTDC,Delivered,2025-08-03,Pune,MH
O000868,C0146,2025-12-23,Mobile,NetBanking,XpressBees,Delivered,2025-12-29,Kolkata,WB
O000869,C0212,2025-11-12,Mobile,Card,DTDC,Delivered,2025-11-16,Chennai,TN
O000870,C0167,2025-02-19,Web,Card,BlueDart,Delivered,2025-02-22,Kolkata,WB
O000871,C0143,2025-07-04,Web,UPI,Delhivery,Delivered,2025-07-07,Nagpur,MH
O000872,C0199,2025-12-03,Mobile,Card,XpressBees,Delivered,2025-12-06,Mumbai,MH
O000873,C0178,2025-08-25,Web,NetBanking,BlueDart,Delivered,2025-08-28,Ahmedabad,GJ
O000874,C0013,2025-01-08,Mobile,Wallet,DTDC,Delivered,2025-01-13,Ahmedabad,GJ
O000875,C0033,2025-11-13,Web,UPI,EcomExpress,Delivered,2025-11-20,Kolkata,WB
O000876,C0221,2025-03-07,Marketplace,UPI,EcomExpress,Delivered,2025-03-14,Mumbai,MH
O000877,C0193,2025-10-17,Mobile,UPI,Delhivery,Cancelled,,Kolkata,WB
O000878,C0009,2025-02-09,Web,UPI,XpressBees,Delivered,2025-02-16,Bengaluru,KA
O000879,C0226,2025-09-29,Mobile,UPI,DTDC,Delivered,2025-10-03,Kolkata,WB
O000880,C0185,2024-01-28,Web,COD,XpressBees,Delivered,2024-02-04,Bengaluru,KA
O000881,C0142,2025-12-04,Web,Card,Delhivery,Delivered,2025-12-07,Ahmedabad,GJ
O000882,C0173,2025-12-05,Mobile,UPI,BlueDart,Delivered,2025-12-07,Nagpur,MH
O000883,C0076,2025-04-30,Marketplace,Card,BlueDart,Delivered,2025-05-03,Pune,MH
O000884,C0168,2025-08-31,Mobile,UPI,DTDC,Delivered,2025-09-05,Mumbai,MH
O000885,C0161,2025-11-25,Mobile,UPI,BlueDart,Delivered,2025-12-01,Hyderabad,TS
O000886,C0239,2025-12-13,Web,NetBanking,DTDC,Delivered,2025-12-18,Chennai,TN
O000887,C0079,2025-03-04,Marketplace,UPI,BlueDart,Delivered,2025-03-08,Hyderabad,TS
O000888,C0032,2025-11-11,Web,UPI,XpressBees,Delivered,2025-11-12,Jaipur,RJ
O000889,C0165,2025-11-13,Mobile,UPI,DTDC,Delivered,2025-11-16,Chennai,TN
O000890,C0110,2025-02-23,Mobile,COD,DTDC,Delivered,2025-02-27,Hyderabad,TS
O000891,C0212,2025-12-06,Web,UPI,EcomExpress,Delivered,2025-12-11,Chennai,TN
O000892,C0235,2025-11-03,Web,Card,Delhivery,Delivered,2025-11-05,Jaipur,RJ
O000893,C0212,2025-10-17,Mobile,UPI,EcomExpress,Delivered,2025-10-22,Chennai,TN
O000894,C0042,2025-10-22,Mobile,Card,XpressBees,Delivered,2025-10-26,Pune,MH
O000895,C0236,2025-12-08,Mobile,UPI,EcomExpress,Returned,2025-12-12,Delhi,DL
O000896,C0101,2025-07-30,Web,Card,EcomExpress,Delivered,2025-08-03,Kolkata,WB
O000897,C0133,2025-06-10,Web,UPI,BlueDart,Delivered,2025-06-11,Nagpur,MH
O000898,C0071,2025-10-20,Web,Card,DTDC,Delivered,2025-10-24,Hyderabad,TS
O000899,C0006,2025-06-03,Web,COD,EcomExpress,Delivered,2025-06-07,Bengaluru,KA
O000900,C0165,2025-07-14,Web,UPI,DTDC,Delivered,2025-07-16,Chennai,TN
